bond_ticker,equity_ticker,comp_name
TD,TD,Toronto Dominion Bank (The) Com
HIG,HIG,Hartford Financial Services Gro
FCX,FCX,Freeport-McMoRan, Inc. Common S
PNC,PNC,PNC Financial Services Group, I
BWP,BWP,Boardwalk Pipeline Partners LP 
FOXA,FOXA,Twenty-First Century Fox, Inc.
CVX,CVX,Chevron Corporation Common Stoc
NAVI,NAVI,Navient Corporation
PEG,PEG,Public Service Enterprise Group
TWX,TWX,Time Warner Inc. New Common Sto
EMR,EMR,Emerson Electric Company Common
C,C,Citigroup, Inc. Common Stock
COKE,COKE,Coca-Cola Bottling Co. Consolid
GIS,GIS,General Mills, Inc. Common Stoc
UNH,UNH,UnitedHealth Group Incorporated
MET,MET,MetLife, Inc. Common Stock
SRE,SRE,Sempra Energy Common Stock
JPM,JPM,JP Morgan Chase & Co. Common St
UPS,UPS,United Parcel Service, Inc. Com
EXC,EXC,Exelon Corporation Common Stock
UNP,UNP,Union Pacific Corporation Commo
VZ,VZ,Verizon Communications Inc. Com
TAS,TAS,Tasman Metals Ltd Ordinary Shar
TGT,TGT,Target Corporation Common Stock
DYN,DYN,Dynegy Inc. Common Stock
APC,APC,Anadarko Petroleum Corporation 
AIG,AIG,American International Group, I
NAV,NAV,Navistar International Corporat
GE,GE,General Electric Company Common
BOKF,BOKF,BOK Financial Corporation
EL,EL,Estee Lauder Companies, Inc. (T
VVC,VVC,Vectren Corporation Common Stoc
CZR,CZR,Caesars Entertainment Corporati
AWR,AWR,American States Water Company C
SO,SO,Southern Company (The) Common S
INTU,INTU,Intuit Inc.
UAL,UAL,United Continental Holdings
MDLZ,MDLZ,Mondelez International, Inc.
CP,CP,Canadian Pacific Railway Limite
AAL,AAL,American Airlines Group, Inc.
MMM,MMM,3M Company Common Stock
RTN,RTN,Raytheon Company Common Stock
SRT,SRT,StarTek, Inc. Common Stock
IP,IP,International Paper Company Com
HLG,HLG,Hailiang Education Group Inc.
LUV,LUV,Southwest Airlines Company Comm
PRU,PRU,Prudential Financial, Inc. Comm
DGX,DGX,Quest Diagnostics Incorporated 
MNI,MNI,McClatchy Company (The) Common 
XRX,XRX,Xerox Corporation Common Stock
AES,AES,The AES Corporation Common Stoc
RAD,RAD,Rite Aid Corporation Common Sto
DOW,DOW,Dow Chemical Company (The) Comm
DTV,DTV,DIRECTV
MS,MS,Morgan Stanley Common Stock
PG,PG,Procter & Gamble Company (The) 
MAS,MAS,Masco Corporation Common Stock
SIVB,SIVB,SVB Financial Group
HBAN,HBAN,Huntington Bancshares Incorpora
HSBC,HSBC,HSBC Holdings, plc. Common Stoc
UTX,UTX,United Technologies Corporation
BAC,BAC,Bank of America Corporation Com
CVS,CVS,CVS Health Corporation Common S
VIA,VIA,Viacom Inc.
EQY,EQY,Equity One, Inc. Common Stock
WPZ,WPZ,Williams Partners, L.P. Common 
DCOM,DCOM,Dime Community Bancshares, Inc.
BK,BK,Bank of New York Mellon Corpora
F,F,Ford Motor Company Common Stock
M,M,Macy's Inc Common Stock
RSG,RSG,Republic Services, Inc. Common 
CAM,CAM,Cameron International Corporati
WRB,WRB,W.R. Berkley Corporation Common
T,T,AT&T Inc.
ETP,ETP,Energy Transfer Partners, L.P. 
AMGN,AMGN,Amgen Inc.
MBI,MBI,MBIA Inc. Common Stock
VMC,VMC,Vulcan Materials Company (Holdi
PFE,PFE,Pfizer, Inc. Common Stock
AFFM,AFFM,AFFIRMATIVE INSURANC
NNI,NNI,Nelnet, Inc. Common Stock
CHCO,CHCO,City Holding Company
JBL,JBL,Jabil Circuit, Inc. Common Stoc
BNS,BNS,Bank Nova Scotia Halifax Pfd 3 
FE,FE,FirstEnergy Corporation Common 
HOV,HOV,Hovnanian Enterprises, Inc. Cla
RBS,RBS,Royal Bank of Scotland Group Pl
WMT,WMT,Wal-Mart Stores, Inc. Common St
EQR,EQR,Equity Residential Common Share
RY,RY,Royal Bank Of Canada Common Sto
AEP,AEP,American Electric Power Company
NOC,NOC,Northrop Grumman Corporation Co
XOM,XOM,Exxon Mobil Corporation Common 
AER,AER,Aercap Holdings N.V. Ordinary S
CAT,CAT,Caterpillar, Inc. Common Stock
MKL,MKL,Markel Corporation Common Stock
KO,KO,Coca-Cola Company (The) Common 
RRD,RRD,R.R. Donnelley & Sons Company C
NSC,NSC,Norfolk Southern Corporation Co
PFG,PFG,Principal Financial Group Inc C
WRK,WRK,Westrock Company Common Stock
GS,GS,Goldman Sachs Group, Inc. (The)
CMCSA,CMCSA,Comcast Corporation
MGEE,MGEE,MGE Energy Inc.
CMA,CMA,Comerica Incorporated Common St
EOANGR,EOAN,NA
ABXCN,ABX,NA
NGCTT,NGC,NA
CNOOC,CNO,NA
REGDIV,REGD,NA
BRKHEC,BRKH,NA
MFCCN,MFC,NA
VIEFP,VIE,NA
AARP,AA,NA
NORGEN,NORG,NA
LEH,L,NA
ONCRTX,ONCR,NA
ALPIPE,ALPI,NA
COMQAT,COMQ,NA
UTICON,UTIC,NA
OIBRBZ,OIBR,NA
BNSF,BN,NA
CNRCN,CNR,NA
MMCFND,MMCF,NA
LIBMUT,LIBM,NA
BCAPS,BCA,NA
NESNVX,NESN,NA
OMX,O,NA
BNP,B,NA
AUGFND,AUGF,NA
MBCR,MB,NA
BRDGML,BRDG,NA
VICFIN,VICF,NA
GRNMRN,GRNM,NA
SFHCS,SFH,NA
FRBANK,FRBA,NA
PRETSL,PRET,NA
NYSW,NY,NA
UNICHI,UNIC,NA
ADWA,AD,NA
CADE,CA,NA
CROWL,CRO,NA
TPREF,TPR,NA
TOUS,TO,NA
GWOCN,GWO,NA
AUTNOR,AUTN,NA
FTCAP,FTC,NA
CONDEC,COND,NA
TAMB,TA,NA
JACKET,JACK,NA
WCHI,WC,NA
BRASKM,BRAS,NA
DDRGC,DDR,NA
IPLAU,IPL,NA
VALEBZ,VALE,NA
CARGIL,CARG,NA
LBBW,LB,NA
PSALM,PSA,NA
CEMEX,CEM,NA
TDHC,TD,NA
ASTRO,AST,NA
MAJEST,MAJE,NA
PAYN,PA,NA
PISC,PI,NA
RCBI,RC,NA
MOBTEL,MOBT,NA
TRUKQ,TRU,NA
TRPCN,TRP,NA
HXN,H,NA
AXASA,AXA,NA
SELECT,SELE,NA
LENATU,LENA,NA
TWLQ,TW,NA
KAUP,KA,NA
ANZ,A,NA
DNBNO,DNB,NA
ACAFP,ACA,NA
TELEFO,TELE,NA
WSTP,WS,NA
NDASS,NDA,NA
NAB,N,NA
AMXLMM,AMXL,NA
TRICN,TRI,NA
TRNTEL,TRNT,NA
BACR,BA,NA
LLOYDS,LLOY,NA
CNQCN,CNQ,NA
STANLN,STAN,NA
DGELN,DGE,NA
UCGIM,UCG,NA
PARCFT,PARC,NA
PACLIF,PACL,NA
SOV,S,NA
CSQACN,CSQA,NA
ABIBB,ABI,NA
NGGLN,NGG,NA
WHITEP,WHIT,NA
MORINT,MORI,NA
PRCONS,PRCO,NA
GLENLN,GLEN,NA
DE,DE,Deere & Company Common Stock
WMB,WMB,Williams Companies, Inc. (The) 
TRV,TRV,The Travelers Companies, Inc. C
EEP,EEP,Enbridge Energy, L.P. Class A C
ETN,ETN,Eaton Corporation, PLC Ordinary
SJI,SJI,South Jersey Industries, Inc. C
EPD,EPD,Enterprise Products Partners L.
PM,PM,Philip Morris International Inc
CTL,CTL,CenturyLink, Inc. Common Stock
X,X,United States Steel Corporation
WFC,WFC,Wells Fargo & Company Common St
WGL,WGL,WGL Holdings IncCommon Stock
GNW,GNW,Genworth Financial Inc Common S
MRO,MRO,Marathon Oil Corporation Common
WFT,WFT,Weatherford International plc (
STI,STI,SunTrust Banks, Inc. Common Sto
TOL,TOL,Toll Brothers Inc. Common Stock
MNK,MNK,Mallinckrodt plc Ordinary Share
CB,CB,D/B/A Chubb Limited New Common 
FGP,FGP,Ferrellgas Partners, L.P. Commo
COP,COP,ConocoPhillips Common Stock
HAL,HAL,Halliburton Company Common Stoc
RCL,RCL,Royal Caribbean Cruises Ltd. Co
WY,WY,Weyerhaeuser Company Common Sto
KMI,KMI,Kinder Morgan, Inc. Common Stoc
PCH,PCH,Potlatch Corporation
TWC,TWC,Time Warner Cable Inc
CI,CI,Cigna Corporation Common Stock
PACW,PACW,PacWest Bancorp
AMP,AMP,Ameriprise Financial, Inc. Comm
S,S,Sprint Corporation Common Stock
DNR,DNR,Denbury Resources Inc. Common S
AET,AET,Aetna Inc. Common Stock
MTOR,MTOR,Meritor, Inc. Common Stock
DAL,DAL,Delta Air Lines, Inc. Common St
CBI,CBI,Chicago Bridge & Iron Company N
STAR,STAR,iStar Inc. Common Stock
ALL,ALL,Allstate Corporation (The) Comm
HSY,HSY,The Hershey Company Common Stoc
EIX,EIX,Edison International Common Sto
RGA,RGA,Reinsurance Group of America, I
CSX,CSX,CSX Corporation
MSI,MSI,Motorola Solutions, Inc. Common
RIG,RIG,Transocean Ltd (Switzerland) Co
APA,APA,Apache Corporation Common Stock
FTR,FTR,Frontier Communications Corpora
EFX,EFX,Equifax, Inc. Common Stock
HRC,HRC,Hill-Rom Holdings Inc Common St
EQT,EQT,EQT Corporation Common Stock
LLY,LLY,Eli Lilly and Company Common St
BDC,BDC,Belden Inc Common Stock
AXP,AXP,American Express Company Common
DIS,DIS,Walt Disney Company (The) Commo
OXY,OXY,Occidental Petroleum Corporatio
FL,FL,Foot Locker, Inc.
CAH,CAH,Cardinal Health, Inc. Common St
CBS,CBS,CBS Corporation Class B Common 
PAA,PAA,Plains All American Pipeline, L
DB,DB,Deutsche Bank AG Common Stock
CAA,CAA,CalAtlantic Group, Inc. Common 
PEP,PEP,Pepsico, Inc. Common Stock
IBM,IBM,International Business Machines
HPT,HPT,Hospitality Properties Trust
D,D,Dominion Resources, Inc. Common
VOD,VOD,Vodafone Group Plc
CAG,CAG,ConAgra Foods, Inc. Common Stoc
BHP,BHP,BHP Billiton Limited Common Sto
LMT,LMT,Lockheed Martin Corporation Com
MGM,MGM,MGM Resorts International Commo
AYI,AYI,Acuity Brands Inc (Holding Comp
SCG,SCG,SCANA Corporation Common Stock
AEE,AEE,Ameren Corporation Common Stock
NS,NS,Nustar Energy L.P.  Common Unit
MTH,MTH,Meritage Homes Corporation Comm
HPQ,HPQ,HP Inc. Common Stock
KMB,KMB,Kimberly-Clark Corporation Comm
ES,ES,Eversource Energy (D/B/A) Commo
CNP,CNP,CenterPoint Energy, Inc (Holdin
APD,APD,Air Products and Chemicals, Inc
CPB,CPB,Campbell Soup Company Common St
PPG,PPG,PPG Industries, Inc. Common Sto
UBS,UBS,UBS Group AG Registered Ordinar
RSLCF,RSLCF,RSL COMM LTD
KSU,KSU,Kansas City Southern Common Sto
SON,SON,Sonoco Products Company Common 
POR,POR,Portland General Electric Co Co
BA,BA,Boeing Company (The) Common Sto
GLW,GLW,Corning Incorporated Common Sto
IR,IR,Ingersoll-Rand plc (Ireland)
YRCW,YRCW,YRC Worldwide, Inc.
KSS,KSS,Kohl's Corporation Common Stock
STR,STR,Questar Corporation Common Stoc
DUK,DUK,Duke Energy Corporation (Holdin
THC,THC,Tenet Healthcare Corporation Co
BC,BC,Brunswick Corporation Common St
AAWW,AAWW,Atlas Air Worldwide Holdings
NWN,NWN,Northwest Natural Gas Company C
MJN,MJN,Mead Johnson Nutrition Company 
WIN,WIN,Windstream Holdings, Inc.
HIW,HIW,Highwoods Properties, Inc. Comm
ADM,ADM,Archer-Daniels-Midland Company 
CCL,CCL,Carnival Corporation Common Sto
JCP,JCP,J.C. Penney Company, Inc. Holdi
NFG,NFG,National Fuel Gas Company Commo
ESPIQ,ESPIQ,ESP RESOURCES INC COM STK USD0.
LDOS,LDOS,Leidos Holdings, Inc. Common St
FLEX,FLEX,Flex Ltd.
WEC,WEC,WEC Energy Group, Inc. Common S
BBT,BBT,BB&T Corporation Common Stock
GAS,GAS,AGL Resources, Inc.
HNT,H,NA
BEEFBZ,BEEF,NA
JTS,J,NA
LINTA,LIN,NA
TOLLRD,TOLL,NA
GATECP,GATE,NA
CSNABZ,CSNA,NA
AXOLTD,AXOL,NA
AIGSGF,AIGS,NA
WSTBAP,WSTB,NA
POSTSQ,POST,NA
PEMEX,PEM,NA
ECOPET,ECOP,NA
GP,NA,NA
JPMHQ,JPM,NA
ONEAM,ONE,NA
UHCI,UH,NA
BXBAU,BXB,NA
RDMG,RD,NA
LUKOIL,LUKO,NA
PWHSQ,PWH,NA
LR,NA,NA
SIEGR,SIE,NA
PRE,P,NA
FTSCN,FTS,NA
TENOK,TEN,NA
VIVFP,VIV,NA
UIL,U,NA
TOYOTA,TOYO,NA
NATMUT,NATM,NA
IBESM,IBE,NA
CLOVE,CLO,NA
INTNED,INTN,NA
SRENVX,SREN,NA
NIBCAP,NIBC,NA
LSPWR,LSP,NA
EKABEL,EKAB,NA
AGRIBK,AGRI,NA
CAPCAN,CAPC,NA
NEWALB,NEWA,NA
BUMIIJ,BUMI,NA
ENELIM,ENEL,NA
ROSW,RO,NA
TITIM,TIT,NA
STNFRD,STNF,NA
CBAAU,CBA,NA
GBH,G,NA
COPLLC,COPL,NA
PPHNSW,PPHN,NA
IRSAAR,IRSA,NA
SUCN,SU,NA
REVE,RE,NA
PFNET,PFN,NA
BPLN,BP,NA
MASSMU,MASS,NA
SOCGEN,SOCG,NA
PHIANA,PHIA,NA
ENRNQ,ENR,NA
PSD,P,NA
HSECN,HSE,NA
TSIXQ,TSI,NA
BMC,B,NA
MCEXPP,MCEX,NA
GR,NA,NA
THMR,TH,NA
TOY,T,NA
FBUNZ,FBU,NA
ICICI,ICI,NA
MIRPTC,MIRP,NA
SUNTOR,SUNT,NA
FARMER,FARM,NA
COLPLN,COLP,NA
SKO,S,NA
CDEL,CD,NA
FTHUAC,FTHU,NA
BCOMPS,BCOM,NA
REEDLN,REED,NA
ALINDA,ALIN,NA
USDL,US,NA
NT,NA,NA
YALUNI,YALU,NA
RESCAP,RESC,NA
FFHCN,FFH,NA
PNCACN,PNCA,NA
HEIGR,HEI,NA
BHIARM,BHIA,NA
CHEYFI,CHEY,NA
MLTN,ML,NA
BRK,B,NA
RWKSQ,RWK,NA
GT,GT,The Goodyear Tire & Rubber Comp
PCG,PCG,Pacific Gas & Electric Co. Comm
AVA,AVA,Avista Corporation Common Stock
XL,XL,XL Group Ltd.
PPL,PPL,PPL Corporation Common Stock
NBL,NBL,Noble Energy Inc. Common Stock
CL,CL,Colgate-Palmolive Company Commo
DDS,DDS,Dillard's, Inc. Common Stock
WHR,WHR,Whirlpool Corporation Common St
TMK,TMK,Torchmark Corporation Common St
BMY,BMY,Bristol-Myers Squibb Company Co
GMT,GMT,GATX Corporation
LB,LB,L Brands, Inc.
CWT,CWT,California Water Service Group 
HD,HD,Home Depot, Inc. (The) Common S
AGII,AGII,Argo Group International Holdin
ANTM,ANTM,Anthem, Inc. Common Stock
CBB,CBB,Cincinnati Bell Inc. Common Sto
SHLD,SHLD,Sears Holdings Corporation
AVY,AVY,Avery Dennison Corporation Comm
PVH,PVH,PVH Corp. Common Stock
AZN,AZN,Astrazeneca PLC Common Stock
JNJ,JNJ,Johnson & Johnson Common Stock
FDX,FDX,FedEx Corporation Common Stock
HCA,HCA,HCA Holdings, Inc. Common Stock
SXCL,SXCL,STEEL EXCEL INC.
ASH,ASH,Ashland Global Holdings Inc. Co
ALLY,ALLY,Ally Financial Inc. Common Stoc
EMN,EMN,Eastman Chemical Company Common
DRLC,DRLC,DORAL FINANCIAL CORPORATION
PNY,PNY,Piedmont Natural Gas Company, I
KR,KR,Kroger Company (The) Common Sto
EDF,EDF,Stone Harbor Emerging Markets I
MCD,MCD,McDonald's Corporation Common S
WTM,WTM,White Mountains Insurance Group
LNT,LNT,Alliant Energy Corporation Comm
BRX,BRX,Brixmor Property Group Inc. Com
LINE,LINE,Linn Energy, LLC - Common Units
VLO,VLO,Valero Energy Corporation Commo
BHI,BHI,Baker Hughes Incorporated Commo
NEE,NEE,NextEra Energy, Inc. Common Sto
BWA,BWA,BorgWarner Inc. Common Stock
USB,USB,U.S. Bancorp Common Stock
USG,USG,USG Corporation Common Stock
RF,RF,Regions Financial Corporation C
AA,AA,Alcoa Inc. Common Stock
CBT,CBT,Cabot Corporation Common Stock
UDR,UDR,UDR, Inc. Common Stock
MKC,MKC,McCormick & Company, Incorporat
USAB,USAB,USAMERIBANCORP INC
HPE,HPE,Hewlett Packard Enterprise Comp
STT,STT,State Street Corporation Common
CDNS,CDNS,Cadence Design Systems, Inc.
TKR,TKR,Timken Company (The) Common Sto
PHM,PHM,PulteGroup, Inc. Common Stock
DHR,DHR,Danaher Corporation Common Stoc
OSG,OSG,Overseas Shipholding Group, Inc
LOW,LOW,Lowe's Companies, Inc. Common S
XEL,XEL,Xcel Energy Inc. Common Stock
MRK,MRK,Merck & Company, Inc. Common St
HRS,HRS,Harris Corporation Common Stock
NPNTQ,NPNTQ,NORTHPOINT COMM GR
AZO,AZO,AutoZone, Inc. Common Stock
K,K,Kellogg Company Common Stock
GAF,GAF,SPDR S&P Middle East & Africa E
JWN,JWN,Nordstrom, Inc. Common Stock
WR,WR,Westar Energy, Inc. Common Stoc
R,R,Ryder System, Inc. Common Stock
PEGX,PEGX,PEGASUS COMPANIES COM STK USD0.
DOX,DOX,Amdocs Limited
BPL,BPL,Buckeye Partners L.P. Common St
THG,THG,Hanover Insurance Group Inc
UNM,UNM,Unum Group Common Stock
ITT,ITT,ITT Inc. Common Stock 
ROP,ROP,Roper Technologies, Inc. Common
MLM,MLM,Martin Marietta Materials, Inc.
UFS,UFS,Domtar Corporation (NEW) Common
JCI,JCI,Johnson Controls International 
WEN,WEN,Wendy's Company (The)
ATI,ATI,Allegheny Technologies Incorpor
CEGENE,CEGE,NA
NOLSP,NOL,NA
PETBRA,PETB,NA
PACBEA,PACB,NA
TRNTY,TRN,NA
SEACTR,SEAC,NA
SANTAN,SANT,NA
IFFDE,IFF,NA
ORAFP,ORA,NA
AMETIS,AMET,NA
DT,NA,NA
PTBT,PT,NA
MUTOMA,MUTO,NA
NYLIFE,NYLI,NA
MCOM,MC,NA
BFRSQ,BFR,NA
SECBEN,SECB,NA
STLNO,STL,NA
PAP,P,NA
COXENT,COXE,NA
PREPAR,PREP,NA
POHANG,POHA,NA
OHNAT,OHN,NA
AEGON,AEG,NA
CMIIND,CMII,NA
KORELE,KORE,NA
GALIAR,GALI,NA
CNAFNL,CNAF,NA
FHR,F,NA
SABLN,SAB,NA
STOKQ,STO,NA
CNLBRG,CNLB,NA
CMZB,CM,NA
HAMPTO,HAMP,NA
TWOBRO,TWOB,NA
INKPIJ,INKP,NA
COMAND,COMA,NA
IHSVQ,IHS,NA
LGHMK,LGH,NA
CPMIQ,CPM,NA
WHARF,WHA,NA
TKIMIJ,TKIM,NA
ATHMQ,ATH,NA
AMESQ,AME,NA
CONGRU,CONG,NA
KEMPER,KEMP,NA
PTPOLY,PTPO,NA
COSCN,COS,NA
PL,NA,NA
HOMEAT,HOME,NA
GLOBEH,GLOB,NA
PACWTI,PACW,NA
INGRES,INGR,NA
RILIN,RIL,NA
AMGFIN,AMGF,NA
CITCOR,CITC,NA
RICKEL,RICK,NA
INDTOW,INDT,NA
FLSCQ,FLS,NA
REYNOL,REYN,NA
KBANK,KBA,NA
AMMHLD,AMMH,NA
REINAU,REIN,NA
CARTER,CART,NA
TRISTA,TRIS,NA
LIFEVT,LIFE,NA
GAZPRU,GAZP,NA
NRUC,NR,NA
ENTERP,ENTE,NA
TTXGQ,TTX,NA
CABCO,CAB,NA
DELH,DE,NA
KPN,K,NA
OCTAG,OCT,NA
OSU,O,NA
HCR,H,NA
TXU,T,NA
DECOR,DEC,NA
COLUNV,COLU,NA
LHNVX,LHN,NA
WLNKA,WLN,NA
THENFL,THEN,NA
RENCO,REN,NA
JETSBA,JETS,NA
IEBA,IE,NA
BRITEL,BRIT,NA
PASHAH,PASH,NA
VOTORA,VOTO,NA
AHMSA,AHM,NA
TIMSQU,TIMS,NA
CONCQ,CON,NA
HMONEI,HMON,NA
AMPPQ,AMP,NA
LSPBAT,LSPB,NA
MMCAPS,MMCA,NA
FCBN,FC,NA
TOPSQ,TOP,NA
PMORQ,PMO,NA
APPGF,APP,NA
REDOAK,REDO,NA
MAXXIM,MAXX,NA
WAMU,WA,NA
MINMUT,MINM,NA
EVENFL,EVEN,NA
GENONE,GENO,NA
ABCBBZ,ABCB,NA
UNANA,UNA,NA
TNBMK,TNB,NA
COSGEO,COSG,NA
FIDINV,FIDI,NA
PHFINV,PHFI,NA
CHHP,CH,NA
ROCSTR,ROCS,NA
SKGID,SKG,NA
TXUFND,TXUF,NA
AOSCC,AOS,NA
BBVASM,BBVA,NA
VTB,V,NA
JUNEAU,JUNE,NA
RICOH,RIC,NA
ATO,ATO,Atmos Energy Corporation Common
WM,WM,Waste Management, Inc. Common S
SWX,SWX,Southwest Gas Corporation Commo
HMY,HMY,Harmony Gold Mining Company Lim
PKG,PKG,Packaging Corporation of Americ
FRT,FRT,Federal Realty Investment Trust
MTB,MTB,M&T Bank Corporation Common Sto
INTC,INTC,Intel Corporation
KBH,KBH,KB Home Common Stock
ETR,ETR,Entergy Corporation Common Stoc
AWK,AWK,American Water Works Company, I
PGR,PGR,Progressive Corporation (The) C
SOGC,SOGC,SABINE OIL & GAS CORP
LNC,LNC,Lincoln National Corporation Co
DD,DD,E.I. du Pont de Nemours and Com
WRI,WRI,Weingarten Realty Investors Com
PRDC,PRDC,PARADIGM RESOURCE MA
MDT,MDT,Medtronic plc. Ordinary Shares
BCR,BCR,C.R. Bard, Inc. Common Stock
EDE,EDE,Empire District Electric Compan
WAXS,WAXS,WORLD ACCESS INC
CCK,CCK,Crown Holdings, Inc.
TEN,TEN,Tenneco Inc. Common Stock
DTE,DTE,DTE Energy Company Common Stock
NTRS,NTRS,Northern Trust Corporation
MO,MO,Altria Group, Inc.
ARW,ARW,Arrow Electronics, Inc. Common 
XAND,XAND,XANADOO COMPANY
VRSN,VRSN,VeriSign, Inc.
BAX,BAX,Baxter International Inc. Commo
BDX,BDX,Becton, Dickinson and Company C
BPOP,BPOP,Popular, Inc.
CVC,CVC,Cablevision Systems Corporation
FR,FR,First Industrial Realty Trust, 
CMI,CMI,Cummins Inc. Common Stock
KHC,KHC,The Kraft Heinz Company
ABT,ABT,Abbott Laboratories Common Stoc
ITW,ITW,Illinois Tool Works Inc. Common
IDA,IDA,IDACORP, Inc. Common Stock
MCK,MCK,McKesson Corporation Common Sto
LYB,LYB,LyondellBasell Industries NV Or
NI,NI,NiSource Inc Common Stock
COL,COL,Rockwell Collins, Inc. Common S
CMS,CMS,CMS Energy Corporation Common S
SYY,SYY,Sysco Corporation Common Stock
TGNA,TGNA,TEGNA Inc
TTC,TTC,Toro Company (The) Common Stock
PXD,PXD,Pioneer Natural Resources Compa
SHW,SHW,Sherwin-Williams Company (The) 
OGE,OGE,OGE Energy Corporation Common S
EGN,EGN,Energen Corporation Common Stoc
LEG,LEG,Leggett & Platt, Incorporated C
CLBH,CLBH,Carolina Bank Holdings Inc.
HUWHY,HUWHY,HUTCHISON WHAMPOA LT
EBAY,EBAY,eBay Inc.
EGLE,EGLE,Eagle Bulk Shipping Inc.
COST,COST,Costco Wholesale Corporation
SERV,SERV,ServiceMaster Global Holdings, 
LG,LG,SPIRE INC
VTR,VTR,Ventas, Inc. Common Stock
SE,SE,Spectra Energy Corp Common Stoc
TEL,TEL,TE Connectivity Ltd. New Switze
DVN,DVN,Devon Energy Corporation Common
SWN,SWN,Southwestern Energy Company Com
MDU,MDU,MDU Resources Group, Inc. Commo
DF,DF,Dean Foods Company Common Stock
CHK,CHK,Chesapeake Energy Corporation C
FITB,FITB,Fifth Third Bancorp
AMAT,AMAT,Applied Materials, Inc.
IHRT,IHRT,IHEARTMEDIA, INC.
ED,ED,Consolidated Edison, Inc. Commo
UGI,UGI,UGI Corporation Common Stock
ESV,ESV,Ensco plc Class A Ordinary Shar
USM,USM,United States Cellular Corporat
LAZ,LAZ,Lazard LTD. Lazard, LTD. Class 
SCI,SCI,Service Corporation Internation
SHBASS,SHBA,NA
PORTIG,PORT,NA
MMAB,MM,NA
STCNQ,STC,NA
VRXCN,VRX,NA
PENDLE,PEND,NA
ALZCOR,ALZC,NA
FP,NA,NA
MASSIN,MASS,NA
BAMCOG,BAMC,NA
SWWC,SW,NA
ASSET,ASS,NA
NSINO,NSI,NA
PERCEN,PERC,NA
BGPT,BG,NA
SANUK,SAN,NA
PETMK,PET,NA
ATLMAR,ATLM,NA
AUTOP,AUT,NA
UNIONC,UNIO,NA
RDSALN,RDSA,NA
CARONE,CARO,NA
DAVOIJ,DAVO,NA
CTBUS,CTB,NA
HSHN,HS,NA
LHSEQ,LHS,NA
UNBC,UN,NA
ENRSIS,ENRS,NA
CELARA,CELA,NA
KPNQWE,KPNQ,NA
MANRES,MANR,NA
IONICA,IONI,NA
ANEAU,ANE,NA
ISRELE,ISRE,NA
PNVNQ,PNV,NA
CBJKVL,CBJK,NA
SECMUT,SECM,NA
KWD,K,NA
HSH,H,NA
BALN,BA,NA
ENDESA,ENDE,NA
BNCCOM,BNCC,NA
HSP,H,NA
ABCRQ,ABC,NA
AGUCN,AGU,NA
VTAI,VT,NA
INTERA,INTE,NA
ESHLDG,ESHL,NA
TELPM,TEL,NA
CLACAB,CLAC,NA
JACLIF,JACL,NA
WESTEN,WEST,NA
ORANGE,ORAN,NA
MUNRE,MUN,NA
WLP,W,NA
SNNK,SN,NA
HELLAS,HELL,NA
IDLAIR,IDLA,NA
CONCAP,CONC,NA
PRUFIN,PRUF,NA
ICII,IC,NA
USCAP,USC,NA
SBLUQ,SBL,NA
BURKE,BUR,NA
DGSANV,DGSA,NA
STEER,STE,NA
OHSF,OH,NA
PO,NA,NA
PETROZ,PETR,NA
RENCOS,RENC,NA
SCRIBE,SCRI,NA
LOYOLA,LOYO,NA
BOSUNI,BOSU,NA
ORS,O,NA
HARVRD,HARV,NA
LEICN,LEI,NA
ADVNA,ADV,NA
ATFBP,ATF,NA
XCLT,XC,NA
TPWRIN,TPWR,NA
CFPHLD,CFPH,NA
GBKF,GB,NA
CINDBK,CIND,NA
FMEGR,FME,NA
ECACN,ECA,NA
SWY,S,NA
SSAXQ,SSA,NA
ACARS,ACA,NA
FGIC,FG,NA
GDIIQ,GDI,NA
EOP,E,NA
PIDLIJ,PIDL,NA
WESTFD,WEST,NA
AUPIST,AUPI,NA
PEDELC,PEDE,NA
DCPMID,DCPM,NA
UMM,U,NA
WCIIQ,WCI,NA
YPFDAR,YPFD,NA
IRILLC,IRIL,NA
FGCIE,FGC,NA
STYL,ST,NA
TLMCN,TLM,NA
TTXCO,TTX,NA
BACARD,BACA,NA
OKWHQ,OKW,NA
CTYST,CTY,NA
SAPSJ,SAP,NA
TIERS,TIE,NA
ENIIM,ENI,NA
HTV,H,NA
PWAV,PW,NA
VENTUR,VENT,NA
RSALN,RSA,NA
UPMKYM,UPMK,NA
TGNTQ,TGN,NA
DVZN,DV,NA
POM,P,NA
RAINRE,RAIN,NA
TSMX,TS,NA
GBFEL,GBF,NA
BROOKN,BROO,NA
DBGC,DB,NA
UHOMES,UHOM,NA
HLT,HLT,Hilton Worldwide Holdings Inc. 
AGEN,AGEN,Agenus Inc.
HTZ,HTZ,Hertz Global Holdings, Inc Comm
AON,AON,Aon plc Class A Ordinary Shares
ORCL,ORCL,Oracle Corporation Common Stock
TSN,TSN,Tyson Foods, Inc. Common Stock
GBX,GBX,Greenbrier Companies, Inc. (The
MOS,MOS,Mosaic Company (The) Common Sto
LPT,LPT,Liberty Property Trust
ROK,ROK,Rockwell Automation, Inc. Commo
KEY,KEY,KeyCorp Common Stock
CSCO,CSCO,Cisco Systems, Inc.
LXP,LXP,Lexington Realty Trust Common S
WRE,WRE,Washington Real Estate Investme
CFR,CFR,Cullen/Frost Bankers, Inc. Comm
SCCO,SCCO,Southern Copper Corporation Com
CRS,CRS,Carpenter Technology Corporatio
CLGX,CLGX,CoreLogic, Inc. Common Stock
EOG,EOG,EOG Resources, Inc. Common Stoc
PH,PH,Parker-Hannifin Corporation Com
SPG,SPG,Simon Property Group, Inc. Comm
HVB,HVB,Hudson Valley Holding Corp. Com
PBI,PBI,Pitney Bowes Inc. Common Stock
OI,OI,Owens-Illinois, Inc. Common Sto
CINF,CINF,Cincinnati Financial Corporatio
RAI,RAI,Reynolds American Inc Common St
SPOK,SPOK,Spok Holdings, Inc.
DOV,DOV,Dover Corporation Common Stock
HON,HON,Honeywell International Inc. Co
DRE,DRE,Duke Realty Corporation Common 
NE,NE,Noble Corporation Ordinary Shar
SWK,SWK,Stanley Black & Decker, Inc. Co
WRN,WRN,Western Copper and Gold Corpora
DDR,DDR,DDR Corp. Common Stock
OTTR,OTTR,Otter Tail Corporation
NWL,NWL,Newell Brands Inc. Common Stock
HAS,HAS,Hasbro, Inc.
WTR,WTR,Aqua America, Inc. Common Stock
MBFI,MBFI,MB Financial Inc.
AM,AM,Antero Midstream Partners LP Co
NEM,NEM,Newmont Mining Corporation
PLXS,PLXS,Plexus Corp.
PNM,PNM,PNM Resources, Inc. (Holding Co
CART,CART,Carolina Trust BancShares, Inc.
MTG,MTG,MGIC Investment Corporation Com
SYCRF,SYCRF,SYNCORA HOLDINGS
GSK,GSK,GlaxoSmithKline PLC Common Stoc
OKE,OKE,ONEOK, Inc. Common Stock
AFL,AFL,AFLAC Incorporated Common Stock
NRG,NRG,NRG Energy, Inc. Common Stock
HES,HES,Hess Corporation Common Stock
VFC,VFC,V.F. Corporation Common Stock
GXP,GXP,Great Plains Energy Incorporate
CS,CS,Credit Suisse Group American De
MUR,MUR,Murphy Oil Corporation Common S
FBOP,FBOP,AUGUSTA INDUSTRIES
PNW,PNW,Pinnacle West Capital Corporati
ENH,ENH,Endurance Specialty Holdings Lt
PSX,PSX,Phillips 66 Common Stock
CM,CM,Canadian Imperial Bank of Comme
AVP,AVP,Avon Products, Inc. Common Stoc
AJRD,AJRD,Aerojet Rocketdyne Holdings, In
NIHCTR,NIHC,NA
WRCARP,WRCA,NA
PLA,P,NA
CRHID,CRH,NA
PRMSTH,PRMS,NA
DUDRDP,DUDR,NA
TENGEO,TENG,NA
ESVNQ,ESV,NA
RNK,R,NA
BANPIN,BANP,NA
TXUEUR,TXUE,NA
BBLTB,BBL,NA
SOLBBB,SOLB,NA
ENAPCL,ENAP,NA
LTVCQ,LTV,NA
CALNOR,CALN,NA
SEVFP,SEV,NA
RABOBK,RABO,NA
TAYLST,TAYL,NA
ALTMUT,ALTM,NA
ABH,A,NA
BAYNGR,BAYN,NA
RIOLN,RIO,NA
SCJOHN,SCJO,NA
GFIHQ,GFI,NA
PAXRV,PAX,NA
AIRPT,AIR,NA
NSMTB,NSM,NA
UPX,U,NA
CRUISE,CRUI,NA
EGLS,EG,NA
TABERN,TABE,NA
TRBR,TR,NA
LLAKES,LLAK,NA
BCHINA,BCHI,NA
NWDEVL,NWDE,NA
CORIOL,CORI,NA
DOSMFG,DOSM,NA
JEMELT,JEME,NA
NORBOR,NORB,NA
ORMTIT,ORMT,NA
DELL,DE,NA
BMAAR,BMA,NA
ACTRET,ACTR,NA
INSLQ,INS,NA
CMED,CM,NA
TMENRU,TMEN,NA
SUPERC,SUPE,NA
SIGFIN,SIGF,NA
CMHI,CM,NA
OCR,O,NA
NMG,N,NA
BUTTE,BUT,NA
HALES,HAL,NA
BASGR,BAS,NA
BRILL,BRI,NA
ENERGY,ENER,NA
GYLDQ,GYL,NA
ALFARU,ALFA,NA
ORIONC,ORIO,NA
OGLETH,OGLE,NA
WERNER,WERN,NA
DAIGR,DAI,NA
WSFIN,WSF,NA
AMIIQ,AMI,NA
MVZAVC,MVZA,NA
HOLTGP,HOLT,NA
ALGXQ,ALG,NA
CHSWQ,CHS,NA
GFREHL,GFRE,NA
BOYD,BO,NA
PTIMPE,PTIM,NA
ADEFLT,ADEF,NA
UU,NA,NA
TOMSFD,TOMS,NA
IROGAS,IROG,NA
SUMMER,SUMM,NA
YORFUN,YORF,NA
DOBIE,DOB,NA
CUDDY,CUD,NA
STEEL,STE,NA
KCTINT,KCTI,NA
ALADDI,ALAD,NA
CONSIN,CONS,NA
SIMCAL,SIMC,NA
CNB,C,NA
AXSBIN,AXSB,NA
UNMEHO,UNME,NA
SVSSF,SVS,NA
WSPT,WS,NA
MTVD,MT,NA
NTY,N,NA
AMEREE,AMER,NA
TAKFUJ,TAKF,NA
FCAIM,FCA,NA
ECGOQ,ECG,NA
GAMMM,GAM,NA
DESAIN,DESA,NA
AHNA,AH,NA
DVW,D,NA
ARCHIB,ARCH,NA
PLAIN,PLA,NA
IRHL,IR,NA
CLARKM,CLAR,NA
VRDO,VR,NA
STGC,ST,NA
BESTEL,BEST,NA
IWCR,IW,NA
GLOMAN,GLOM,NA
MKSP,MK,NA
FIBRA,FIB,NA
TAQAUH,TAQA,NA
FMCH,FM,NA
PROMBK,PROM,NA
WESINT,WESI,NA
IION,II,NA
TELVIS,TELV,NA
OLDDOM,OLDD,NA
REVP,RE,NA
WDEQ,WD,NA
KFN,K,NA
CHOGEN,CHOG,NA
JEF,J,NA
BBALL,BBA,NA
STSP,ST,NA
BECPTT,BECP,NA
FLATHO,FLAT,NA
PRELUD,PREL,NA
TOTEM,TOT,NA
ELWOOD,ELWO,NA
AMPX,AM,NA
BAYAN,BAY,NA
ANGSJ,ANG,NA
BULOPE,BULO,NA
SWIRE,SWI,NA
TCT,T,NA
ATCOA,ATC,NA
STEI,ST,NA
SEP,SEP,Spectra Energy Partners, LP Com
CCI,CCI,Crown Castle International Corp
HLX,HLX,Helix Energy Solutions Group, I
SIGI,SIGI,Selective Insurance Group, Inc.
O,O,Realty Income Corporation Commo
NBR,NBR,Nabors Industries Ltd.
PSON,PSON,PETROSONIC ENERGY
SEE,SEE,Sealed Air Corporation Common S
MMC,MMC,Marsh & McLennan Companies, Inc
HUM,HUM,Humana Inc. Common Stock
CKH,CKH,SEACOR Holdings Inc. Common Sto
MMP,MMP,Magellan Midstream Partners L.P
MATX,MATX,Matson, Inc. Common Stock
CIT,CIT,CIT Group Inc (DEL) Common Stoc
OA,OA,Orbital ATK, Inc. Common Stock
RNR,RNR,RenaissanceRe Holdings Ltd. Com
DO,DO,Diamond Offshore Drilling, Inc.
NYCB,NYCB,New York Community Bancorp, Inc
CQP,CQP,Cheniere Energy Partners, LP Ch
ITC,ITC,ITC Holdings Corp. Common Stock
HCN,HCN,Welltower Inc. Common Stock
DFS,DFS,Discover Financial Services Com
WBA,WBA,Walgreens Boots Alliance, Inc.
TJX,TJX,TJX Companies, Inc. (The) Commo
SWC,SWC,Stillwater Mining Company Commo
FRN,FRN,Guggenheim Frontier Markets ETF
UHS,UHS,Universal Health Services, Inc.
ACGL,ACGL,Arch Capital Group Ltd.
WU,WU,Western Union Company (The) Com
AGO,AGO,Assured Guaranty Ltd. Common St
BG,BG,Bunge Limited Bunge Limited
EQC,EQC,Equity Commonwealth Common Shar
MON,MON,Monsanto Company Common Stock
OC,OC,Owens Corning Inc Common Stock 
DSL,DSL,DoubleLine Income Solutions Fun
AIZ,AIZ,Assurant, Inc. Common Stock
FMBI,FMBI,First Midwest Bancorp, Inc.
BMS,BMS,Bemis Company, Inc. Common Stoc
TE,TE,TECO Energy, Inc.
BSX,BSX,Boston Scientific Corporation C
LII,LII,Lennox International, Inc. Comm
BMO,BMO,Bank Of Montreal Common Stock
L,L,Loews Corporation Common Stock
JBLU,JBLU,JetBlue Airways Corporation
MSFT,MSFT,Microsoft Corporation
XLNX,XLNX,Xilinx, Inc.
PNX,PNX,Phoenix Companies, Inc. (The)
COF,COF,Capital One Financial Corporati
CNHI,CNHI,CNH Industrial N.V. Common Shar
HCP,HCP,HCP, Inc. Common Stock
NBN,NBN,Northeast Bancorp
EE,EE,El Paso Electric Company Common
ADBE,ADBE,Adobe Systems Incorporated
SNA,SNA,Snap-On Incorporated Common Sto
SCHW,SCHW,Charles Schwab Corporation (The
SNV,SNV,Synovus Financial Corp. Common 
DRI,DRI,Darden Restaurants, Inc. Common
BGC,BGC,General Cable Corporation Commo
GDPM,GDPM,GOODRICH PETROLEUM COM USD0.20
CBZ,CBZ,CBIZ, Inc. Common Stock
ATLC,ATLC,Atlanticus Holdings Corporation
CNL,CNL,Cleco Corporation
ORA,ORA,Ormat Technologies, Inc. Common
TEVA,TEVA,Teva Pharmaceutical Industries 
NBTB,NBTB,NBT Bancorp Inc.
VRS,VRS,Verso Corporation Common Stock
H,H,Hyatt Hotels Corporation Class 
AAP,AAP,Advance Auto Parts Inc Advance 
AVB,AVB,AvalonBay Communities, Inc. Com
KWKA,KWKA,Quicksilver Resources Inc
CBCO,CBCO,COASTAL BANKING CO INC
MESA,ME,NA
INDALX,INDA,NA
DCP,D,NA
RCICN,RCI,NA
BAMACN,BAMA,NA
FLTW,FL,NA
FUGFAM,FUGF,NA
EEPPME,EEPP,NA
PROPEX,PROP,NA
BCOBMG,BCOB,NA
EIRLES,EIRL,NA
PUEBLO,PUEB,NA
PANCAN,PANC,NA
ELEBRA,ELEB,NA
SCHNEI,SCHN,NA
IDMC,ID,NA
RYOMCN,RYOM,NA
AALLN,AAL,NA
URBIMM,URBI,NA
CFN,C,NA
GOLLBZ,GOLL,NA
STRATS,STRA,NA
KGGRGE,KGGR,NA
ROCGEL,ROCG,NA
HOMEX,HOM,NA
INNMTN,INNM,NA
TILES,TIL,NA
KZL,K,NA
PHIPWR,PHIP,NA
BRAUIJ,BRAU,NA
MAAXCN,MAAX,NA
TENALA,TENA,NA
WPLAU,WPL,NA
GEOBMM,GEOB,NA
DCCDEV,DCCD,NA
INDEP,IND,NA
UNITOW,UNIT,NA
RADHOL,RADH,NA
BPCEGP,BPCE,NA
MALNTZ,MALN,NA
KUEHNE,KUEH,NA
ALAGAS,ALAG,NA
MQGAU,MQG,NA
BANVOR,BANV,NA
TSCOLN,TSCO,NA
HILTON,HILT,NA
WATERF,WATE,NA
GULFNG,GULF,NA
EMIBNC,EMIB,NA
PMUL,PM,NA
BBDBCN,BBDB,NA
PENNAT,PENN,NA
OHANA,OHA,NA
CNW,C,NA
DBKAZ,DBK,NA
TENVIR,TENV,NA
QUINCY,QUIN,NA
NWMLIC,NWML,NA
RAVWOD,RAVW,NA
STNTN,STN,NA
MILEHI,MILE,NA
DTEENE,DTEE,NA
SNTAND,SNTA,NA
ALLIBK,ALLI,NA
FSHCN,FSH,NA
LCORA,LCO,NA
JESRNC,JESR,NA
COLFIN,COLF,NA
HERALD,HERA,NA
ENER,EN,NA
OILCAS,OILC,NA
EATONM,EATO,NA
VRES,VR,NA
LMKL,LM,NA
FROGTO,FROG,NA
HPCOM,HPC,NA
MISSIP,MISS,NA
CBVS,CB,NA
ABEGET,ABEG,NA
ASIAAL,ASIA,NA
KBC,K,NA
KEENDV,KEEN,NA
FTBELV,FTBE,NA
VPHM,VP,NA
JNY,J,NA
IRWINL,IRWI,NA
ITAU,IT,NA
RFX,R,NA
XIDE,XI,NA
ALSLTD,ALSL,NA
CROCOG,CROC,NA
ARMYHW,ARMY,NA
SMINLN,SMIN,NA
PACLGF,PACL,NA
WISCHP,WISC,NA
BYLAN,BYL,NA
NBFA,NB,NA
KOREAT,KORE,NA
COLBUN,COLB,NA
ANVAU,ANV,NA
CCAPFG,CCAP,NA
PTTTB,PTT,NA
BCOLO,BCO,NA
MIDATL,MIDA,NA
RASGAS,RASG,NA
EUROFE,EURO,NA
DQE,D,NA
AEELA,AEE,NA
MARUB,MAR,NA
CGGFP,CGG,NA
SALISB,SALI,NA
TCKBCN,TCKB,NA
SKYLN,SKY,NA
TFLMI,TFL,NA
KKB,K,NA
MIZUHO,MIZU,NA
PAGON,PAG,NA
ROCKIE,ROCK,NA
ASATEC,ASAT,NA
FCE,F,NA
CBKIN,CBK,NA
KZOKZ,KZO,NA
ZURNVX,ZURN,NA
AURMIL,AURM,NA
MWFAM,MWF,NA
SUNHUN,SUNH,NA
METBC,MET,NA
SHNBK,SHN,NA
MUFG,MU,NA
SLG,SLG,SL Green Realty Corporation Com
GILD,GILD,Gilead Sciences, Inc.
CLX,CLX,Clorox Company (The) Common Sto
SXL,SXL,Sunoco Logistics Partners LP Co
VIP,VIP,VimpelCom Ltd.
QEP,QEP,QEP Resources, Inc. Common Stoc
NDAQ,NDAQ,Nasdaq, Inc.
OLN,OLN,Olin Corporation Common Stock
TLN,TLN,Talen Energy Corporation Common
TRN,TRN,Trinity Industries, Inc. Common
BLK,BLK,BlackRock, Inc. Common Stock
MPW,MPW,Medical Properties Trust, Inc. 
MAR,MAR,Marriott International
EV,EV,Eaton Vance Corporation Common 
OKS,OKS,ONEOK Partners, L.P. Common Sto
AWH,AWH,Allied World Assurance Company 
SYK,SYK,Stryker Corporation Common Stoc
SNH,SNH,Senior Housing Properties Trust
STZ,STZ,Constellation Brands, Inc. Comm
PX,PX,Praxair, Inc. Common Stock
BMRN,BMRN,BioMarin Pharmaceutical Inc.
JOY,JOY,Joy Global Inc. Common Stock
CSL,CSL,Carlisle Companies Incorporated
CTAS,CTAS,Cintas Corporation
EXPE,EXPE,Expedia, Inc.
IGT,IGT,International Game Technology O
MAA,MAA,Mid-America Apartment Communiti
LH,LH,Laboratory Corporation of Ameri
AVT,AVT,Avnet, Inc. Common Stock
TK,TK,Teekay Corporation Common Stock
MDC,MDC,M.D.C. Holdings, Inc. Common St
MXCHF,MXCHF,MEXICHEM SAB DE CV
HI,HI,Hillenbrand Inc Common Stock
ABC,ABC,AmerisourceBergen Corporation C
KIM,KIM,Kimco Realty Corporation Common
BTU,BTU,Peabody Energy Corporation
DISH,DISH,DISH Network Corporation
VR,VR,Validus Holdings, Ltd. Common S
KMPR,KMPR,Kemper Corporation
CCBG,CCBG,Capital City Bank Group
AN,AN,AutoNation, Inc. Common Stock
WLTW,WLTW,Willis Towers Watson Public Lim
RPM,RPM,RPM International Inc. Common S
BXP,BXP,Boston Properties, Inc. Common 
OMC,OMC,Omnicom Group Inc. Common Stock
CR,CR,Crane Company Common Stock
LXK,LXK,Lexmark International, Inc. Com
LNBB,LNBB,LNB Bancorp, Inc.
POT,POT,Potash Corporation of Saskatche
TRMK,TRMK,Trustmark Corporation
FRP,FRP,FairPoint Communications, Inc.
CVG,CVG,Convergys Corporation Common St
LEN,LEN,Lennar Corporation Class A Comm
SBCF,SBCF,Seacoast Banking Corporation of
PCLB,PCLB,PINNACLE BANCSHR INC
SKM,SKM,SK Telecom Co., Ltd. Common Sto
HBNC,HBNC,Horizon Bancorp (IN)
ABCB,ABCB,Ameris Bancorp
FNF,FNF,FNF Group of Fidelity National 
TXT,TXT,Textron Inc. Common Stock
CDE,CDE,Coeur Mining, Inc. Common Stock
RDC,RDC,Rowan Companies plc Class A Ord
IVC,IVC,Invacare Corporation Common Sto
PBCT,PBCT,People's United Financial, Inc.
JAH,JAH,Jarden Corporation
RS,RS,Reliance Steel & Aluminum Co. C
ESS,ESS,Essex Property Trust, Inc. Comm
AHR,A,NA
HROCK,HRO,NA
ABYSS,ABY,NA
SSTAR,SST,NA
MRFGBZ,MRFG,NA
NEWBE,NEW,NA
STERV,STE,NA
NORHI,NOR,NA
METRFN,METR,NA
BHIP,BH,NA
BLIA,BL,NA
KTZKZ,KTZ,NA
CQB,C,NA
SIDETU,SIDE,NA
EMORYU,EMOR,NA
PRNCTN,PRNC,NA
BANQUE,BANQ,NA
PHSTAT,PHST,NA
CCCON,CCC,NA
EQ,NA,NA
KOSEPW,KOSE,NA
EXPT,EX,NA
SOCARG,SOCA,NA
CHRSTN,CHRS,NA
DBSSP,DBS,NA
BNCHIL,BNCH,NA
OILINS,OILI,NA
MTNA,MT,NA
TATELN,TATE,NA
AMALKY,AMAL,NA
BFTH,BF,NA
FNCIM,FNC,NA
ELENOR,ELEN,NA
SYA,S,NA
GUARDN,GUAR,NA
LGFP,LG,NA
BGLBNP,BGLB,NA
EMBRBZ,EMBR,NA
TGNOAR,TGNO,NA
JBSSBZ,JBSS,NA
TEMIF,TEM,NA
GSCCOR,GSCC,NA
STESP,STE,NA
IIRSA,IIR,NA
SANFP,SAN,NA
CBASS,CBA,NA
BANBRA,BANB,NA
GRAPEV,GRAP,NA
VITROA,VITR,NA
HNDA,HN,NA
VEDLN,VED,NA
KERPRO,KERP,NA
GSPALO,GSPA,NA
LANISL,LANI,NA
ELEARG,ELEA,NA
BETHEL,BETH,NA
BVMFBZ,BVMF,NA
SEAFIN,SEAF,NA
CALBAP,CALB,NA
WINBAP,WINB,NA
ESLR,ES,NA
KNFP,KN,NA
SALVES,SALV,NA
MABLN,MAB,NA
SHNHAN,SHNH,NA
PDVSA,PDV,NA
BOIIN,BOI,NA
USIM,US,NA
FRAGR,FRA,NA
CASITA,CASI,NA
MCGAFB,MCGA,NA
BANORT,BANO,NA
PLNIJ,PLN,NA
SFD,S,NA
TOMARI,TOMA,NA
BNKEA,BNK,NA
MAGGBZ,MAGG,NA
ELECAR,ELEC,NA
PESAAR,PESA,NA
TRIBES,TRIB,NA
ARAPA,ARA,NA
SBSPBZ,SBSP,NA
ABBNVX,ABBN,NA
BCP,B,NA
PANAME,PANA,NA
MABEMX,MABE,NA
WLM,W,NA
GPBRU,GPB,NA
AGCGEN,AGCG,NA
GCMZAU,GCMZ,NA
BIMBOA,BIMB,NA
KWIPKK,KWIP,NA
REDSTN,REDS,NA
RUSB,RU,NA
PEFCO,PEF,NA
CARSLT,CARS,NA
CHB,C,NA
BLUCN,BLU,NA
CRNRST,CRNR,NA
KERNCH,KERN,NA
ENBCN,ENB,NA
RURAIL,RURA,NA
FAGEGA,FAGE,NA
BRFSBZ,BRFS,NA
BMEBMZ,BMEB,NA
GRWASH,GRWA,NA
MERLIO,MERL,NA
CGMC,CG,NA
CZRSBZ,CZRS,NA
CSNT,CS,NA
QGTS,QG,NA
BUFLO,BUF,NA
ODBR,OD,NA
SUMIBK,SUMI,NA
TRANAR,TRAN,NA
INVICT,INVI,NA
PLNEND,PLNE,NA
REALMX,REAL,NA
GPIXLX,GPIX,NA
RAIZBZ,RAIZ,NA
ISABR,ISA,NA
FTKNOX,FTKN,NA
NDB,N,NA
CHINLP,CHIN,NA
CALICH,CALI,NA
NBDCN,NBD,NA
FIRPAC,FIRP,NA
CALVRT,CALV,NA
MF,NA,NA
BILLVA,BILL,NA
NSGHLD,NSGH,NA
DEPFA,DEP,NA
HALLER,HALL,NA
HBHC,HBHC,Hancock Holding Company
INGR,INGR,Ingredion Incorporated Common S
VAL,VAL,Valspar Corporation (The) Commo
CSHB,CSHB,COMMUNITY SHORES BK
DLR,DLR,Digital Realty Trust, Inc. Comm
BDN,BDN,Brandywine Realty Trust Common 
RE,RE,Everest Re Group, Ltd. Common S
FULT,FULT,Fulton Financial Corporation
CPT,CPT,Camden Property Trust Common St
MCHP,MCHP,Microchip Technology Incorporat
GEF,GEF,Greif Inc. Class A Common Stock
FBC,FBC,Flagstar Bancorp, Inc. Common S
CRZO,CRZO,Carrizo Oil & Gas, Inc.
GDRZF,GDRZF,GOLD RESERVE INC
BR,BR,Broadridge Financial Solutions,
A,A,Agilent Technologies, Inc. Comm
BKH,BKH,Black Hills Corporation Common 
REG,REG,Regency Centers Corporation Com
SPGI,SPGI,S&P Global Inc. Common Stock
CIEN,CIEN,Ciena Corporation Common Stock
NRF,NRF,NorthStar Realty Finance Corp. 
VMI,VMI,Valmont Industries, Inc. Common
TXN,TXN,Texas Instruments Incorporated
CMC,CMC,Commercial Metals Company Commo
SBAC,SBAC,SBA Communications Corporation
ALR,ALR,Alere Inc. Common Stock
SQM,SQM,Sociedad Quimica y Minera S.A. 
NNN,NNN,National Retail Properties Comm
CNXT,CNXT,VanEck Vectors ChinaAMC SME-ChN
BBG,BBG,Bill Barrett Corporation Common
Y,Y,Alleghany Corporation Common St
CLI,CLI,Mack-Cali Realty Corporation Co
SF,SF,Stifel Financial Corporation Co
WOR,WOR,Worthington Industries, Inc. Co
YUM,YUM,Yum! Brands, Inc.
CA,CA,CA Inc.
PLD,PLD,ProLogis, Inc. Common Stock
DISCA,DISCA,Discovery Communications, Inc.
BX,BX,The Blackstone Group L.P. Commo
RJF,RJF,Raymond James Financial, Inc. C
RWT,RWT,Redwood Trust, Inc. Common Stoc
NUE,NUE,Nucor Corporation Common Stock
KOF,KOF,Coca Cola Femsa S.A.B. de C.V. 
BEN,BEN,Franklin Resources, Inc. Common
CSIQ,CSIQ,Canadian Solar Inc.
GHC,GHC,Graham Holdings Company Common 
AGN,AGN,Allergan plc Ordinary Shares
WCC,WCC,WESCO International, Inc. Commo
BPZR,BPZR,BPZ RES INC
DXMM,DXMM,DEX MEDIA INC COM NPV
ENDP,ENDP,Endo International plc
ZAZA,ZAZA,ZAZA ENERGY CORP COM USD0.01
ETFC,ETFC,E*TRADE Financial Corporation
LLL,LLL,L-3 Communications Holdings, In
NWE,NWE,NorthWestern Corporation Common
AKS,AKS,AK Steel Holding Corporation Co
IBKC,IBKC,IBERIABANK Corporation
HSC,HSC,Harsco Corporation Common Stock
PNK,PNK,Pinnacle Entertainment, Inc.
BIIB,BIIB,Biogen Inc.
BFCF,BFCF,BFC FIN CORP CL A #
NPBC,NPBC,National Penn Bancshares, Inc.
FMFP,FMFP,FIRST COMMUNITY FINL
STP,STP,SPDR MSCI Europe Materials UCIT
ESRX,ESRX,Express Scripts Holding Company
FSBS,FSBS,FIRST SOUTH BANCORP INC (SC)
CTBI,CTBI,Community Trust Bancorp, Inc.
KOP,KOP,Koppers Holdings Inc. Koppers H
LIFE,LIFE,aTyr Pharma, Inc.
HOT,HOT,Starwood Hotels & Resorts World
HOG,HOG,Harley-Davidson, Inc. Common St
HUBB,HUBB,Hubbell Inc Common Stock
CF,CF,CF Industries Holdings, Inc. Co
ZBH,ZBH,Zimmer Biomet Holdings, Inc. Co
AMTD,AMTD,TD Ameritrade Holding Corporati
FMC,FMC,FMC Corporation Common Stock
OSBC,OSBC,Old Second Bancorp, Inc.
FIBK,FIBK,First Interstate BancSystem, In
AOBI,AOBI,AMERICAN ORIENTL BIO
EVER,EVER,EverBank Financial Corp. Common
TMO,TMO,Thermo Fisher Scientific Inc Co
GBNK,GBNK,Guaranty Bancorp
ANR,ANR,Alpha Natural Resources, inc. c
DOLNRG,DOLN,NA
IBAZAZ,IBAZ,NA
SFY,S,NA
DESMET,DESM,NA
SOGAS,SOG,NA
MONTEC,MONT,NA
NSUS,NS,NA
TAM,T,NA
INTERF,INTE,NA
LIICA,LII,NA
WOORIB,WOOR,NA
HSBKKZ,HSBK,NA
BCOPAN,BCOP,NA
QBEAU,QBE,NA
SUGCRE,SUGC,NA
BKMOSC,BKMO,NA
PETRTT,PETR,NA
BLTAIJ,BLTA,NA
KZTGKZ,KZTG,NA
LIFUNG,LIFU,NA
IRCPAR,IRCP,NA
TRAGAS,TRAG,NA
RSHB,RS,NA
DELSOL,DELS,NA
FBOPCP,FBOP,NA
SFG,S,NA
TRACAP,TRAC,NA
FBLEAU,FBLE,NA
REDCRO,REDC,NA
TENGAT,TENG,NA
KFIRIL,KFIR,NA
NPNSJ,NPN,NA
AGFIRS,AGFI,NA
CFF,C,NA
SANCLE,SANC,NA
ALTAWH,ALTA,NA
ORLLUT,ORLL,NA
NTBBH,NTB,NA
MACKPW,MACK,NA
BWGRP,BWG,NA
DPWDU,DPW,NA
GRRIVE,GRRI,NA
PARHC,PAR,NA
STPETE,STPE,NA
LEAPWR,LEAP,NA
TECFP,TEC,NA
GMHMIL,GMHM,NA
PYXISL,PYXI,NA
BAYLIS,BAYL,NA
CHUBUT,CHUB,NA
BNSCN,BNS,NA
LPTT,LP,NA
MPRK,MP,NA
CCLY,CC,NA
TRICAH,TRIC,NA
GUEMES,GUEM,NA
FSLINV,FSLI,NA
SDFMHO,SDFM,NA
COUNTS,COUN,NA
BICBBZ,BICB,NA
NGPLCO,NGPL,NA
IMPSA,IMP,NA
GGBRBZ,GGBR,NA
USINV,USI,NA
INDDWN,INDD,NA
WGNB,WG,NA
CANTOR,CANT,NA
AXIATA,AXIA,NA
NOBLSP,NOBL,NA
EDPPL,EDP,NA
HARFUS,HARF,NA
BROWNU,BROW,NA
JHUNIV,JHUN,NA
MARSPE,MARS,NA
CLE,C,NA
PANOCH,PANO,NA
IFHBH,IFH,NA
CRNSTN,CRNS,NA
QI,NA,NA
VOSTOK,VOST,NA
TRIINT,TRII,NA
CMPCCI,CMPC,NA
MFLTD,MFL,NA
BARION,BARI,NA
RATAU,RAT,NA
BRADES,BRAD,NA
OAKCAM,OAKC,NA
ASPECT,ASPE,NA
EPGR,EP,NA
PSASP,PSA,NA
BAPHOS,BAPH,NA
VMED,VM,NA
NYUNIV,NYUN,NA
NOVANT,NOVA,NA
MBCT,MB,NA
IFC,I,NA
HENLND,HENL,NA
ALACN,ALA,NA
EVRAZ,EVR,NA
ATPG,AT,NA
RPINST,RPIN,NA
TACN,TA,NA
NOVNVX,NOVN,NA
TOTAL,TOT,NA
NACONV,NACO,NA
ENOGEX,ENOG,NA
BINTPE,BINT,NA
ESRGJ,ESR,NA
PSIINC,PSII,NA
JRCC,JR,NA
ICBCST,ICBC,NA
SIGMA,SIG,NA
NWIDE,NWI,NA
AGILE,AGI,NA
HKCGAS,HKCG,NA
TNEFT,TNE,NA
BTELIJ,BTEL,NA
TWI,TWI,Titan International, Inc. (DE) 
WYN,WYN,Wyndham Worldwide Corp Common  
GFF,GFF,Griffon Corporation Common Stoc
CSGS,CSGS,CSG Systems International, Inc.
CLF,CLF,Cliffs Natural Resources Inc Co
FNFG,FNFG,First Niagara Financial Group I
AXS,AXS,Axis Capital Holdings Limited C
AUBN,AUBN,Auburn National Bancorporation,
HT,HT,Hersha Hospitality Trust Class 
SKT,SKT,Tanger Factory Outlet Centers, 
DPS,DPS,Dr Pepper Snapple Group, Inc Dr
RBCAA,RBCAA,Republic Bancorp, Inc.
AMT,AMT,American Tower Corporation (REI
EQIX,EQIX,Equinix, Inc.
AFG,AFG,American Financial Group, Inc. 
ITSJF,ITSJF,ITSA LTD
PER,PER,SandRidge Permian Trust Common 
TFX,TFX,Teleflex Incorporated Common St
PQ,PQ,Petroquest Energy Inc Common St
FLOW,FLOW,SPX FLOW, Inc. Common Stock
IM,IM,Ingram Micro Inc. Common Stock
MCO,MCO,Moody's Corporation Common Stoc
CHH,CHH,Choice Hotels International, In
SNDK,SNDK,SanDisk Corporation
CLD,CLD,Cloud Peak Energy Inc Common St
CCE,CCE,Coca-Cola European Partners plc
XCO,XCO,EXCO Resources, Inc. Exco Resou
SYMC,SYMC,Symantec Corporation
FISV,FISV,Fiserv, Inc.
ETE,ETE,Energy Transfer Equity, L.P. En
WLL,WLL,Whiting Petroleum Corporation C
KKR,KKR,KKR & Co. L.P. Common Units Rep
BBEP,BBEP,Breitburn Energy Partners LP - 
MAT,MAT,Mattel, Inc.
NR,NR,Newpark Resources, Inc. Common 
HLS,HLS,HealthSouth Corporation Common 
SD,SD,SandRidge Energy, Inc. Common S
YORW,YORW,The York Water Company
CELG,CELG,Celgene Corporation
KRC,KRC,Kilroy Realty Corporation Commo
PPS,PPS,Post Properties, Inc. Common St
VSH,VSH,Vishay Intertechnology, Inc. Co
CLR,CLR,Continental Resources, Inc. Com
TMUS,TMUS,T-Mobile US, Inc.
RDN,RDN,Radian Group Inc. Common Stock
WSTC,WSTC,West Corporation
CVA,CVA,Covanta Holding Corporation Com
KAMN,KAMN,Kaman Corporation Common Stock
SFDL,SFDL,SECURITY FEDERAL COR
PDCE,PDCE,PDC Energy, Inc.
HOLX,HOLX,Hologic, Inc.
IEX,IEX,IDEX Corporation Common Stock
BIO,BIO,Bio-Rad Laboratories, Inc. Clas
AMD,AMD,Advanced Micro Devices, Inc.
ALB,ALB,Albemarle Corporation Common St
AHL,AHL,Aspen Insurance Holdings Limite
HTWR,HTWR,Heartware International, Inc.
HR,HR,Healthcare Realty Trust Incorpo
CXO,CXO,Concho Resources Inc. Common St
BGG,BGG,Briggs & Stratton Corporation C
KEM,KEM,Kemet Corporation New Common St
SPR,SPR,Spirit Aerosystems Holdings, In
CHTR,CHTR,Charter Communications, Inc.
APU,APU,AmeriGas Partners, L.P. Common 
SLB,SLB,Schlumberger N.V. Common Stock
TYC,TYC,Tyco International plc (Ireland
WBMD,WBMD,WebMD Health Corp
HBI,HBI,Hanesbrands Inc. Common Stock
CPN,CPN,Calpine Corporation Common Stoc
ORLY,ORLY,O'Reilly Automotive, Inc.
URI,URI,United Rentals, Inc. Common Sto
ACW,ACW,Accuride Corporation Common Sto
DAN,DAN,Dana Incorporated Common Stock 
TIAAGL,TIAA,NA
NOKIA,NOK,NA
TAYARR,TAYA,NA
NOMURA,NOMU,NA
GRBE,GR,NA
IRONHG,IRON,NA
ICTPM,ICT,NA
WIREWG,WIRE,NA
FOSS,FO,NA
TUFFCO,TUFF,NA
FTJAX,FTJ,NA
AMHERS,AMHE,NA
PRVHSS,PRVH,NA
VANDER,VAND,NA
CVECN,CVE,NA
BATSLN,BATS,NA
STARTS,STAR,NA
CORNLU,CORN,NA
EDNAR,EDN,NA
DARMTH,DARM,NA
YARNO,YAR,NA
TXFIE,TXF,NA
PLNS,PL,NA
PREZ,PR,NA
GTLSQ,GTL,NA
SRCM,SR,NA
MARHEA,MARH,NA
MOTELS,MOTE,NA
DAEHIM,DAEH,NA
ACI,A,NA
OLAMSP,OLAM,NA
VW,NA,NA
ROPHOE,ROPH,NA
BMCAUS,BMCA,NA
AGIPM,AGI,NA
JBGROC,JBGR,NA
SUZANO,SUZA,NA
WOWAU,WOW,NA
HELI,HE,NA
INTEL,INT,NA
AIOAU,AIO,NA
SBERRU,SBER,NA
SAYAR,SAY,NA
HPLGR,HPL,NA
ARGID,ARG,NA
BRPRSA,BRPR,NA
THF,T,NA
SYDAU,SYD,NA
SMPM,SM,NA
BCOCPE,BCOC,NA
HKLSP,HKL,NA
SIGNUM,SIGN,NA
QTELQD,QTEL,NA
GFISJ,GFI,NA
AUQCN,AUQ,NA
BANCO,BAN,NA
SIDE,SI,NA
BKC,B,NA
HILCRP,HILC,NA
IXEGF,IXE,NA
SCFRU,SCF,NA
DEWAAE,DEWA,NA
KORGAS,KORG,NA
ABGSM,ABG,NA
UNIVND,UNIV,NA
LANFIN,LANF,NA
CHMFRU,CHMF,NA
MWE,M,NA
ARCOR,ARC,NA
CEAGRO,CEAG,NA
CSANBZ,CSAN,NA
UBMLN,UBM,NA
SINOCH,SINO,NA
DRIV,DR,NA
BONSUC,BONS,NA
TRAVPH,TRAV,NA
ALRSRU,ALRS,NA
PROBUS,PROB,NA
CHIOLI,CHIO,NA
CHTREE,CHTR,NA
CFWCN,CFW,NA
GMGAU,GMG,NA
CHIPRK,CHIP,NA
GSHPBR,GSHP,NA
PDCN,PD,NA
PCL,P,NA
OCBCSP,OCBC,NA
SUPEAR,SUPE,NA
UVN,U,NA
CHOGRP,CHOG,NA
ODEBRE,ODEB,NA
KINGIL,KING,NA
MARSIC,MARS,NA
RCOLIN,RCOL,NA
CLISA,CLI,NA
FLTGRT,FLTG,NA
SRTCO,SRT,NA
FUBON,FUB,NA
ICBCAS,ICBC,NA
CONVAT,CONV,NA
HGR,H,NA
BUMBLE,BUMB,NA
CLWR,CL,NA
BGGRP,BGG,NA
TDGCN,TDG,NA
ECLCI,ECL,NA
FMGAU,FMG,NA
AEROAR,AERO,NA
EDCPM,EDC,NA
ABK,A,NA
AFRLN,AFR,NA
HCSERV,HCSE,NA
BRMLBZ,BRML,NA
DIRBUY,DIRB,NA
MTRM,MT,NA
CENSUD,CENS,NA
INKENE,INKE,NA
HYUCAP,HYUC,NA
AACE,AA,NA
VOSASA,VOSA,NA
DNDN,DN,NA
BANSAF,BANS,NA
TRUBRU,TRUB,NA
EMAAR,EMA,NA
EMPTOD,EMPT,NA
NGLS,NG,NA
ICASA,ICA,NA
SCS,SCS,Steelcase Inc. Common Stock
FDO,FDO,Family Dollar Stores, Inc. Comm
CNX,CNX,CONSOL Energy Inc. Common Stock
MPC,MPC,Marathon Petroleum Corporation 
SVNT,SVNT,SEVENTY SEVEN ENER COM USD0.01
PSEC,PSEC,Prospect Capital Corporation
KEG,KEG,Key Energy Services, Inc.
RDEN,RDEN,Elizabeth Arden, Inc.
CRK,CRK,Comstock Resources, Inc. Common
JNPR,JNPR,Juniper Networks, Inc. Common S
PERY,PERY,Perry Ellis International Inc.
AIMC,AIMC,Altra Industrial Motion Corp.
ORI,ORI,Old Republic International Corp
BBY,BBY,Best Buy Co., Inc. Common Stock
SOL,SOL,Renesola Ltd. Common Shares of 
NYT,NYT,New York Times Company (The) Co
RAS,RAS,RAIT Financial Trust New Common
ARCC,ARCC,Ares Capital Corporation
MENT,MENT,Mentor Graphics Corporation
VRSK,VRSK,Verisk Analytics, Inc.
HRL,HRL,Hormel Foods Corporation Common
PVAH,PVAH,PENN VIRGINIA CORP COM STK USD0
HMPR,HMPR,XENITH BANKSHARES INC NEW
NBCT,NBCT,NORTHWEST BANCP (WA)
GPS,GPS,Gap, Inc. (The) Common Stock
CVGI,CVGI,Commercial Vehicle Group, Inc.
CE,CE,Celanese Corporation Celanese C
PNR,PNR,Pentair plc. Ordinary Share
TPC,TPC,Tutor Perini Corporation Common
STX,STX,Seagate Technology PLC
LRCX,LRCX,Lam Research Corporation
ALSK,ALSK,Alaska Communications Systems G
SGMS,SGMS,Scientific Games Corp
WES,WES,Western Gas Partners, LP Limite
RCII,RCII,Rent-A-Center Inc.
JKS,JKS,JinkoSolar Holding Company Limi
RRC,RRC,Range Resources Corporation Com
TZA,TZA,Direxion Small Cap Bear 3X Shar
XRM,XRM,Xerium Technologies, Inc. New C
GOOG,GOOG,Alphabet Inc.
CNC,CNC,Centene Corporation Common Stoc
ICON,ICON,Iconix Brand Group, Inc.
MINI,MINI,Mobile Mini, Inc.
EPR,EPR,EPR Properties Common Stock
GM,GM,General Motors Company Common S
TUP,TUP,Tupperware Brands Corporation C
AKRX,AKRX,Akorn, Inc.
GBL,GBL,Gamco Investors, Inc. Common St
CNK,CNK,Cinemark Holdings Inc Cinemark 
ARG,ARG,Airgas, Inc.
LPNT,LPNT,LifePoint Health, Inc.
EXXI,EXXI,Energy XXI Ltd.
BKD,BKD,Brookdale Senior Living Inc. Co
IART,IART,Integra LifeSciences Holdings C
BSFT,BSFT,BroadSoft, Inc.
TCP,TCP,TC PipeLines, LP Common Units r
NUVA,NUVA,NuVasive, Inc.
BZH,BZH,Beazer Homes USA, Inc. Common S
PKOH,PKOH,Park-Ohio Holdings Corp.
GD,GD,General Dynamics Corporation Co
GNCMA,GNCMA,General Communication, Inc.
OPY,OPY,Oppenheimer Holdings, Inc. Clas
EA,EA,Electronic Arts Inc.
RTEC,RTEC,Rudolph Technologies, Inc. Comm
ZINC,ZINC,Horsehead Holding Corp.
BGCP,BGCP,BGC Partners, Inc.
GEO,GEO,Geo Group Inc (The) REIT
ARAY,ARAY,Accuray Incorporated
GTLS,GTLS,Chart Industries, Inc.
GLDD,GLDD,Great Lakes Dredge & Dock Corpo
FLIR,FLIR,FLIR Systems, Inc.
BILOLF,BILO,NA
NVTKRM,NVTK,NA
MENTOR,MENT,NA
BOBIN,BOB,NA
RAGHSA,RAGH,NA
AVYA,AV,NA
ATIAU,ATI,NA
METINV,METI,NA
EAGLED,EAGL,NA
CAPXAR,CAPX,NA
BTECN,BTE,NA
PALENT,PALE,NA
ISPIM,ISP,NA
CAMBRN,CAMB,NA
EDCON,EDC,NA
AKBNK,AKB,NA
JAS,J,NA
JMCSTL,JMCS,NA
DAIL,DA,NA
LBIMED,LBIM,NA
ZEKIND,ZEKI,NA
YLLGSP,YLLG,NA
DXSAU,DXS,NA
MEGCN,MEG,NA
BLYAU,BLY,NA
SQRTW,SQR,NA
ADSI,AD,NA
HNDLIN,HNDL,NA
WINSWY,WINS,NA
MRIYA,MRI,NA
NTPCIN,NTPC,NA
PTTEPT,PTTE,NA
PEUGOT,PEUG,NA
JAVER,JAV,NA
CONVBD,CONV,NA
RIFP,RI,NA
PRORES,PROR,NA
TKOCN,TKO,NA
TLSAU,TLS,NA
HYPEBZ,HYPE,NA
CHJMAO,CHJM,NA
CITLTD,CITL,NA
INCIRO,INCI,NA
RAMGEN,RAMG,NA
FINBN,FIN,NA
IFMCOL,IFMC,NA
CIMTUP,CIMT,NA
IOBIN,IOB,NA
CNAUTO,CNAU,NA
GARAN,GAR,NA
RENSEC,RENS,NA
FORETH,FORE,NA
KEBHNB,KEBH,NA
GZRFPR,GZRF,NA
CNPCCH,CNPC,NA
ABBEY,ABB,NA
ABNANV,ABNA,NA
GEOMAQ,GEOM,NA
SPEEDY,SPEE,NA
TFCAU,TFC,NA
RESOPW,RESO,NA
INDYIJ,INDY,NA
BEIENT,BEIE,NA
CHAPAR,CHAP,NA
XINAOG,XINA,NA
RSH,R,NA
HARNET,HARN,NA
HIMARK,HIMA,NA
SNDBIN,SNDB,NA
CRHZCH,CRHZ,NA
UNTUS,UNT,NA
MONMED,MONM,NA
SCBTB,SCB,NA
AUTGIL,AUTG,NA
WESAU,WES,NA
SHASHU,SHAS,NA
BYBLB,BYB,NA
SINOCE,SINO,NA
BAPTST,BAPT,NA
GRUPOS,GRUP,NA
TTMTIN,TTMT,NA
GRTBNL,GRTB,NA
MCP,M,NA
JASPSP,JASP,NA
UCII,UC,NA
STBCN,STB,NA
EMIRAT,EMIR,NA
OGXPBZ,OGXP,NA
IAACGA,IAAC,NA
CERP,CE,NA
CFELEC,CFEL,NA
SPABOL,SPAB,NA
KIAMTR,KIAM,NA
VQ,NA,NA
IOCLIN,IOCL,NA
SOIAZ,SOI,NA
HTHROW,HTHR,NA
QUAPAW,QUAP,NA
GYMB,GY,NA
ZIJMIN,ZIJM,NA
IMHRUS,IMHR,NA
BTGPBZ,BTGP,NA
RURL,RU,NA
METINR,METI,NA
KOHNPW,KOHN,NA
SCOTB,SCO,NA
WMG,W,NA
CITNAT,CITN,NA
TRADR,TRA,NA
GRENBK,GREN,NA
PITFOX,PITF,NA
FGBUH,FGB,NA
ALTMES,ALTM,NA
LGNS,LG,NA
QGOGBZ,QGOG,NA
ADIBUH,ADIB,NA
BANGUA,BANG,NA
BLELK,BLE,NA
EKT,E,NA
CPII,CP,NA
CHMETL,CHME,NA
AFFINI,AFFI,NA
AESGEN,AESG,NA
NACF,NA,NA
ROCFIN,ROCF,NA
BILTIN,BILT,NA
GENSOL,GENS,NA
USCTRJ,USCT,NA
KCN,K,NA
XRAY,XRAY,DENTSPLY SIRONA Inc.
OMN,OMN,OMNOVA Solutions Inc. Common St
CXP,CXP,Columbia Property Trust, Inc. C
AEPI,AEPI,AEP Industries Inc.
NM,NM,Navios Maritime Holdings Inc. C
ELNK,ELNK,EarthLink Holdings Corp.
CWST,CWST,Casella Waste Systems, Inc.
CLNE,CLNE,Clean Energy Fuels Corp.
FLR,FLR,Fluor Corporation Common Stock
NFX,NFX,Newfield Exploration Company Co
AMKR,AMKR,Amkor Technology, Inc.
HRZL,HRZL,HORIZON LINES INC
FES,FES,Forbes Energy Services Ltd
UTHR,UTHR,United Therapeutics Corporation
EVEP,EVEP,EV Energy Partners, L.P.
BAS,BAS,Basic Energy Services, Inc. Com
SJM,SJM,J.M. Smucker Company (The) New 
REGN,REGN,Regeneron Pharmaceuticals, Inc.
NUAN,NUAN,Nuance Communications, Inc.
SSE,SSE,Seventy Seven Energy Inc.
PKI,PKI,PerkinElmer, Inc. Common Stock
OAS,OAS,Oasis Petroleum Inc. Common Sto
SSEI,SSEI,SEVENTY SEVEN ENER COM USD0.01
AXL,AXL,American Axle & Manufacturing H
SM,SM,SM Energy Company Common Stock
BRCM,BRCM,Broadcom Corporation
WPX,WPX,WPX Energy, Inc. Common Stock
ARDX,ARDX,Ardelyx, Inc.
TTWO,TTWO,Take-Two Interactive Software, 
SPN,SPN,Superior Energy Services, Inc. 
CYH,CYH,Community Health Systems, Inc. 
AL,AL,Air Lease Corporation Class A C
AGCO,AGCO,AGCO Corporation Common Stock
SNI,SNI,Scripps Networks Interactive, I
SARA,SARA,Saratoga Resources, Inc. Common
VNO,VNO,Vornado Realty Trust Common Sto
CAS,CAS,Castle (A.M.) & Co. Common Stoc
FDC,FDC,First Data Corporation Class A 
ECL,ECL,Ecolab Inc. Common Stock
ON,ON,ON Semiconductor Corporation
WTI,WTI,W&T Offshore, Inc. Common Stock
GFIG,GFIG,GFI Group Inc
AFSI,AFSI,AmTrust Financial Services, Inc
DUNR,DUNR,DUNE ENERGY INC
SXC,SXC,SunCoke Energy, Inc. Common Sto
ETM,ETM,Entercom Communications Corpora
NTK,NTK,Nortek Inc.
AMRN,AMRN,Amarin Corporation plc
CWEI,CWEI,Clayton Williams Energy, Inc. C
ATW,ATW,Atwood Oceanics, Inc. Common St
PHH,PHH,PHH Corp Common Stock
EROC,EROC,Eagle Rock Energy Partners, L.P
APH,APH,Amphenol Corporation Common Sto
LGF,LGF,Lions Gate Entertainment Corpor
SBSA,SBSA,Spanish Broadcasting System, In
SATS,SATS,EchoStar Corporation
NWSZF,NWSZF,NWS HOLDINGS LIMITED
EPC,EPC,Edgewell Personal Care Company 
KMT,KMT,Kennametal Inc. Common Stock
ARE,ARE,Alexandria Real Estate Equities
BLL,BLL,Ball Corporation Common Stock
HEP,HEP,Holly Energy Partners, L.P. Com
IPG,IPG,Interpublic Group of Companies,
SGY,SGY,Stone Energy Corporation Common
TRAK,TRAK,Dealertrack Technologies, Inc.
RYN,RYN,Rayonier Inc. REIT Common Stock
PCAR,PCAR,PACCAR Inc.
ODP,ODP,Office Depot, Inc.
PCLN,PCLN,The Priceline Group Inc. 
ACM,ACM,AECOM Common Stock
DPM,DPM,DCP Midstream Partners, LP DCP 
CMLS,CMLS,Cumulus Media Inc.
ADS,ADS,Alliance Data Systems Corporati
ZION,ZION,Zions Bancorporation
TEX,TEX,Terex Corporation Common Stock
XEC,XEC,Cimarex Energy Co Common Stock
CVO,CVO,Cenveo Inc Common Stock
VNR,VNR,Vanguard Natural Resources LLC
MIDCOG,MIDC,NA
ENASUR,ENAS,NA
NATCIN,NATC,NA
SWEDA,SWE,NA
SVR,S,NA
BINDPR,BIND,NA
QNBK,QN,NA
BANBOG,BANB,NA
ENMC,EN,NA
ARS,A,NA
ROGVX,ROG,NA
UNIDAS,UNID,NA
NEENST,NEEN,NA
PREEM,PRE,NA
BNDENH,BNDE,NA
CHIPOT,CHIP,NA
SMBI,SM,NA
HARTHC,HART,NA
ORGAU,ORG,NA
KCI,K,NA
FRSTSO,FRST,NA
NACN,NA,NA
SILVMA,SILV,NA
FFNTAS,FFNT,NA
RIVER,RIV,NA
EMMAUS,EMMA,NA
PURPLC,PURP,NA
MAFUAE,MAFU,NA
TCMCN,TCM,NA
GSKLN,GSK,NA
NROCC,NRO,NA
EEBCB,EEB,NA
PGSNO,PGS,NA
HOSSPE,HOSS,NA
NCMAU,NCM,NA
UPCB,UP,NA
GFIELD,GFIE,NA
IAS,I,NA
ADCBUH,ADCB,NA
TENCNT,TENC,NA
MILARG,MILA,NA
OPTSTL,OPTS,NA
CORJRL,CORJ,NA
UPMCHS,UPMC,NA
CALTEC,CALT,NA
HYNMTR,HYNM,NA
MSKCC,MSK,NA
MPTBIS,MPTB,NA
PIZA,PI,NA
PRECN,PRE,NA
USAACA,USAA,NA
EXOPAC,EXOP,NA
FRONTR,FRON,NA
SIDDRI,SIDD,NA
BOLDIN,BOLD,NA
BLUD,BL,NA
IPMT,IP,NA
FLAMES,FLAM,NA
JSCCGL,JSCC,NA
TAMWEE,TAMW,NA
BLOCKC,BLOC,NA
NAVYNO,NAVY,NA
NANFUN,NANF,NA
GMXR,GM,NA
WELTEC,WELT,NA
LIHHK,LIH,NA
CWCLN,CWC,NA
VOLCAN,VOLC,NA
LTSCN,LTS,NA
TNTLOG,TNTL,NA
CHEDOW,CHED,NA
CDRSM,CDR,NA
AVALCB,AVAL,NA
CSOLNO,CSOL,NA
BRSRBZ,BRSR,NA
CIKLIS,CIKL,NA
AMILN,AMI,NA
YKBNK,YKB,NA
END,E,NA
CAMEBO,CAME,NA
MAYMK,MAY,NA
APOLIJ,APOL,NA
SANBBZ,SANB,NA
STARBD,STAR,NA
DLLTD,DLL,NA
BOSSIE,BOSS,NA
RPLLLC,RPLL,NA
GTPCEL,GTPC,NA
WHEELK,WHEE,NA
MXCN,MX,NA
BAACN,BAA,NA
CCDJ,CC,NA
UOBSP,UOB,NA
GOLNO,GOL,NA
ISCTR,ISC,NA
QBRCN,QBR,NA
MSINS,MSI,NA
GRTLLC,GRTL,NA
WYNNLV,WYNN,NA
ORIX,OR,NA
BPALAB,BPAL,NA
WSTGRP,WSTG,NA
MOHEGN,MOHE,NA
MOTOR,MOT,NA
CAPITA,CAPI,NA
NEUBER,NEUB,NA
SLXP,SL,NA
KWGPRO,KWGP,NA
TRAGSA,TRAG,NA
MONMIN,MONM,NA
SECO,SE,NA
NBADUH,NBAD,NA
CEZCP,CEZ,NA
JBPOIN,JBPO,NA
NWUNI,NWU,NA
TUFTS,TUF,NA
SCHAHN,SCHA,NA
SYNNVX,SYNN,NA
EBIUH,EBI,NA
CHIRES,CHIR,NA
KPERM,KPE,NA
NOVASP,NOVA,NA
HTCH,HTCH,Hutchinson Technology Incorpora
FLO,FLO,Flowers Foods, Inc. Common Stoc
MU,MU,Micron Technology, Inc.
WNC,WNC,Wabash National Corporation Com
AXE,AXE,Anixter International Inc. Comm
DHI,DHI,D.R. Horton, Inc. Common Stock
TAP,TAP,Molson Coors Brewing Company Cl
RT,RT,Ruby Tuesday, Inc. Common Stock
AYR,AYR,Aircastle Limited Common Stock
SBH,SBH,Sally Beauty Holdings, Inc. (Na
HST,HST,Host Hotels & Resorts, Inc. Com
BYD,BYD,Boyd Gaming Corporation Common 
MDCO,MDCO,The Medicines Company
TCB,TCB,TCF Financial Corporation Commo
AMCX,AMCX,AMC Networks Inc.
AF,AF,Astoria Financial Corporation C
WAC,WAC,Walter Investment Management Co
RGLD,RGLD,Royal Gold, Inc.
HLPPY,HLPPY,HANG LUNG PPY SP ADR
AFFX,AFFX,Affymetrix, Inc.
CUBE,CUBE,CubeSmart Common Shares
XYL,XYL,Xylem Inc. Common Stock New
ADT,ADT,ADT Corporation
DG,DG,Dollar General Corporation Comm
GEVO,GEVO,Gevo, Inc.
LPI,LPI,Laredo Petroleum, Inc. Common S
CCO,CCO,Clear Channel Outdoor Holdings,
BONT,BONT,The Bon-Ton Stores, Inc.
NEEB,NEEB,NEEBO INC
SLGN,SLGN,Silgan Holdings Inc.
WLK,WLK,Westlake Chemical Corporation C
VOYA,VOYA,Voya Financial, Inc. Common Sto
NKTR,NKTR,Nektar Therapeutics
NTT,NTT,Nippon Telegraph and Telephone 
PRI,PRI,Primerica, Inc. Common Stock
LPX,LPX,Louisiana-Pacific Corporation C
LAMR,LAMR,Lamar Advertising Company
CDVI,CDVI,CAL DIVE INTL INC
CLH,CLH,Clean Harbors, Inc. Common Stoc
NESC,NESC,NUVERRA ENVIRONMEN COM USD0.001
FIS,FIS,Fidelity National Information S
VSAT,VSAT,ViaSat, Inc.
HOS,HOS,Hornbeck Offshore Services Comm
EXEL,EXEL,Exelixis, Inc.
IRM,IRM,Iron Mountain Incorporated (Del
IONS,IONS,Ionis Pharmaceuticals, Inc.
SIRI,SIRI,Sirius XM Holdings Inc.
KALU,KALU,Kaiser Aluminum Corporation
ATU,ATU,Actuant Corporation Common Stoc
TROX,TROX,Tronox Limited Ordinary Shares 
DVA,DVA,DaVita Inc. Common Stock
VTGDF,VTGDF,VANTAGE DRILLING COM STK USD0.0
LYV,LYV,Live Nation Entertainment, Inc.
OHI,OHI,Omega Healthcare Investors, Inc
UIS,UIS,Unisys Corporation New Common S
WMGI,WMGI,Wright Medical Group N.V.
NOG,NOG,Northern Oil and Gas, Inc. Comm
STRZA,STRZA,Starz
CME,CME,CME Group Inc.
NSANY,NSANY,NISSAN MTR SPON AD
NVR,NVR,NVR, Inc. Common Stock
MHO,MHO,M/I Homes, Inc. Common Stock
ORIG,ORIG,Ocean Rig UDW Inc.
FLS,FLS,Flowserve Corporation Common St
NGDCN,NGD,NA
SLACP,SLA,NA
ZOOMLI,ZOOM,NA
HEIANA,HEIA,NA
RWE,R,NA
MTRC,MT,NA
WELCOL,WELC,NA
UPENN,UPE,NA
SAMSNG,SAMS,NA
GLOPAR,GLOP,NA
UNELVN,UNEL,NA
UNTWLV,UNTW,NA
SZIHL,SZI,NA
MILLAR,MILL,NA
DLLR,DL,NA
NMOSRM,NMOS,NA
TPESA,TPE,NA
GUN,G,NA
HLBKMK,HLBK,NA
NORSKY,NORS,NA
MEMHLT,MEMH,NA
LNY,L,NA
TIBX,TI,NA
BAKCEY,BAKC,NA
VAKBN,VAK,NA
PZZ,P,NA
RASPAD,RASP,NA
PDNAU,PDN,NA
AVLN,AV,NA
NORBRA,NORB,NA
YZCOAL,YZCO,NA
FITPRU,FITP,NA
CARWAG,CARW,NA
CNGHLD,CNGH,NA
GEOROG,GEOR,NA
ERICB,ERI,NA
LOTTES,LOTT,NA
KOWEPW,KOWE,NA
MCCC,MC,NA
AFKSRU,AFKS,NA
SINOPE,SINO,NA
FMCN,FM,NA
PENSKE,PENS,NA
AJECBV,AJEC,NA
DIBUH,DIB,NA
LPKRIJ,LPKR,NA
MIFEL,MIF,NA
WPPLN,WPP,NA
CTGVN,CTG,NA
HARCLA,HARC,NA
EIBUH,EIB,NA
HBMCN,HBM,NA
NEXEOS,NEXE,NA
NFICN,NFI,NA
REICHH,REIC,NA
RARERG,RARE,NA
RESID,RES,NA
TIAMK,TIA,NA
RIVPIT,RIVP,NA
ADLT,AD,NA
BNFP,BN,NA
JAFZSK,JAFZ,NA
TINGYI,TING,NA
DRAGON,DRAG,NA
CHUKCH,CHUK,NA
MYLAPR,MYLA,NA
SWIPRO,SWIP,NA
ZAYOGR,ZAYO,NA
MSPD,MS,NA
PFCB,PF,NA
HELIOS,HELI,NA
KOEWPW,KOEW,NA
CYN,C,NA
MOHRGR,MOHR,NA
FSHERS,FSHE,NA
LEVI,LE,NA
SAFINA,SAFI,NA
IOIMK,IOI,NA
MONINT,MONI,NA
WELBLT,WELB,NA
GRAIL,GRA,NA
EXPNLN,EXPN,NA
MCFP,MC,NA
BOWDOI,BOWD,NA
DAVIVI,DAVI,NA
QVCN,QV,NA
GEBGG,GEB,NA
SAFTRA,SAFT,NA
DORIC,DOR,NA
CONCON,CONC,NA
AHTLN,AHT,NA
NEWCAL,NEWC,NA
CCFI,CC,NA
TACHEM,TACH,NA
MITCO,MIT,NA
ACCESS,ACCE,NA
TAGUA,TAG,NA
SBIIN,SBI,NA
HALKBK,HALK,NA
INTSJ,INT,NA
UNTHTN,UNTH,NA
LAUR,LA,NA
SPLLOG,SPLL,NA
INNOVT,INNO,NA
SOMCAY,SOMC,NA
CFGSP,CFG,NA
WAVHOL,WAVH,NA
GNBSUD,GNBS,NA
CRERES,CRER,NA
GUOLTD,GUOL,NA
SETONV,SETO,NA
WAKEFU,WAKE,NA
COZCAR,COZC,NA
EXIMBK,EXIM,NA
NYUHOS,NYUH,NA
LUTHMC,LUTH,NA
CEOAXA,CEOA,NA
BLUEWG,BLUE,NA
EPENEG,EPEN,NA
MODL,MO,NA
UNBKIN,UNBK,NA
AMEGIL,AMEG,NA
MAYOCL,MAYO,NA
BAYLOR,BAYL,NA
LOUDRE,LOUD,NA
COSL,CO,NA
MPO,M,NA
PRTLSG,PRTL,NA
SPSP,SP,NA
BAKERC,BAKE,NA
BCICI,BCI,NA
HIGHWY,HIGH,NA
IMGCN,IMG,NA
SDRLNO,SDRL,NA
SIBNEF,SIBN,NA
TRTOLA,TRTO,NA
CSC,CSC,Computer Sciences Corporation C
SQNM,SQNM,Sequenom, Inc.
IPCC,IPCC,Infinity Property and Casualty 
TSO,TSO,Tesoro Corporation Common Stock
TECD,TECD,Tech Data Corporation
NLSN,NLSN,Nielsen N.V. Ordinary Shares
FTI,FTI,FMC Technologies, Inc. Common S
BID,BID,Sotheby's Common Stock
CTRP,CTRP,Ctrip.com International, Ltd.
CHD,CHD,Church & Dwight Company, Inc. C
TICC,TICC,TICC Capital Corp.
XPO,XPO,XPO Logistics, Inc.
ITWG,ITWG,INTL WIRE GROUP HLD
BHLB,BHLB,Berkshire Hills Bancorp, Inc. C
CFG,CFG,Citizens Financial Group, Inc. 
BRS,BRS,Bristow Group Inc. Common Stock
ICE,ICE,Intercontinental Exchange Inc. 
ISLE,ISLE,Isle of Capri Casinos, Inc.
MEG,MEG,Media General, Inc. Common Stoc
UCBI,UCBI,United Community Banks, Inc.
HRB,HRB,H&R Block, Inc. Common Stock
JCOM,JCOM,j2 Global, Inc.
QTM,QTM,Quantum Corporation Common Stoc
ABBV,ABBV,AbbVie Inc. Common Stock
CAR,CAR,Avis Budget Group, Inc.
IVZ,IVZ,Invesco Ltd Common Stock
OB,OB,OneBeacon Insurance Group, Ltd.
JLL,JLL,Jones Lang LaSalle Incorporated
MPEL,MPEL,Melco Crown Entertainment Limit
PACD,PACD,Pacific Drilling S.A. Common Sh
GULF,GULF,WisdomTree Middle East Dividend
WLTG,WLTG,WALTER ENERGY INC
SPH,SPH,Suburban Propane Partners, L.P.
SFE,SFE,Safeguard Scientifics, Inc. New
VGR,VGR,Vector Group Ltd. Common Stock
NOV,NOV,National Oilwell Varco, Inc. Co
ECPG,ECPG,Encore Capital Group Inc
BVWN,BVWN,BROADVIEW NETWORKS
BIDU,BIDU,Baidu, Inc.
AMZN,AMZN,Amazon.com, Inc.
POST,POST,Post Holdings, Inc. Common Stoc
DNB,DNB,Dun & Bradstreet Corporation (T
GLT,GLT,Glatfelter Common Stock
NVGS,NVGS,Navigator Holdings Ltd. Ordinar
NTAP,NTAP,NetApp, Inc.
SIX,SIX,Six Flags Entertainment Corpora
EPAY,EPAY,Bottomline Technologies, Inc.
BFB,BFB,Brown Forman Inc Class B Common
ADSK,ADSK,Autodesk, Inc.
CIE,CIE,Cobalt International Energy, In
MYL,MYL,Mylan N.V.
FCH,FCH,FelCor Lodging Trust Incorporat
HUN,HUN,Huntsman Corporation Common Sto
GTN,GTN,Gray Communications Systems, In
SAH,SAH,Sonic Automotive, Inc. Common S
FEEC,FEEC,FAR EAST ENERGY CORP
ROADKG,ROAD,NA
SERSIM,SERS,NA
FRAGAT,FRAG,NA
SSELN,SSE,NA
SANROS,SANR,NA
NLMKRU,NLMK,NA
KAISAG,KAIS,NA
BSANCI,BSAN,NA
MSNAIR,MSNA,NA
PTTGC,PTT,NA
MHSINC,MHSI,NA
SINOLN,SINO,NA
LNCAU,LNC,NA
CYTCN,CYT,NA
CAPLSP,CAPL,NA
IDBI,ID,NA
ALGSCO,ALGS,NA
PKOBP,PKO,NA
NSHRLI,NSHR,NA
FTHDGR,FTHD,NA
MOLHB,MOL,NA
SUFP,SU,NA
ERSTBK,ERST,NA
NUFAU,NUF,NA
EM,NA,NA
MAESPE,MAES,NA
AGROK,AGR,NA
GLBACO,GLBA,NA
ENANOR,ENAN,NA
SHLFDI,SHLF,NA
SARACA,SARA,NA
PHONIX,PHON,NA
SPIAUA,SPIA,NA
SGSINT,SGSI,NA
DBPHLD,DBPH,NA
ENGIFP,ENGI,NA
APAAU,APA,NA
INRCIN,INRC,NA
GULFKY,GULF,NA
AVIATR,AVIA,NA
CTCACI,CTCA,NA
TUPRST,TUPR,NA
LRELN,LRE,NA
AEFES,AEF,NA
MMCN,MM,NA
VIKCRU,VIKC,NA
CNPFP,CNP,NA
ALBHSA,ALBH,NA
NDN,N,NA
NIPLIF,NIPL,NA
ARTINS,ARTI,NA
BACOPY,BACO,NA
LNGFOR,LNGF,NA
CATHHE,CATH,NA
CEQUEL,CEQU,NA
REGH,RE,NA
RDIO,RD,NA
OASSBZ,OASS,NA
DUFSCA,DUFS,NA
PRIFII,PRIF,NA
LPTY,LP,NA
CCRUCN,CCRU,NA
RX,NA,NA
BPCLIN,BPCL,NA
HCFBRU,HCFB,NA
CATMED,CATM,NA
SHEARE,SHEA,NA
SHISFB,SHIS,NA
CARFIN,CARF,NA
AMRMED,AMRM,NA
ASLAU,ASL,NA
PQCOR,PQC,NA
SAMMIN,SAMM,NA
INVBNK,INVB,NA
RBNRL,RBN,NA
CAIXBR,CAIX,NA
SASOL,SAS,NA
USJACU,USJA,NA
MYTHEN,MYTH,NA
MATHOM,MATH,NA
PERHOL,PERH,NA
SOHOCH,SOHO,NA
CNHIND,CNHI,NA
BSANTM,BSAN,NA
CIELBZ,CIEL,NA
HRELEC,HREL,NA
DETOWN,DETO,NA
ZHAIK,ZHA,NA
QGOGCO,QGOG,NA
CIMAU,CIM,NA
SINAI,SIN,NA
AERDOS,AERD,NA
GATSP,GAT,NA
CMCICB,CMCI,NA
FCFIN,FCF,NA
GULINT,GULI,NA
POSADA,POSA,NA
LASVMC,LASV,NA
VARCAR,VARC,NA
ALPEKA,ALPE,NA
EBTX,EB,NA
COSHOL,COSH,NA
ALVGR,ALV,NA
AIFP,AI,NA
KUOBMM,KUOB,NA
JILGLS,JILG,NA
CLEVTH,CLEV,NA
ACIRC,ACI,NA
ROSNRM,ROSN,NA
AKBHC,AKB,NA
ALTICE,ALTI,NA
CFRCI,CFR,NA
ETHAIR,ETHA,NA
ARMS,AR,NA
SILIIA,SILI,NA
STBARN,STBA,NA
UNITY,UNI,NA
EUCHEM,EUCH,NA
GMEXIB,GMEX,NA
MAEXIM,MAEX,NA
SHUION,SHUI,NA
PRIMIN,PRIM,NA
CLEAVB,CLEA,NA
BRP,B,NA
TPCG,TP,NA
TCDPSA,TCDP,NA
HONHAI,HONH,NA
TOMA,TO,NA
COMINV,COMI,NA
DEMAT,DEM,NA
ELDCN,ELD,NA
VTIV,VT,NA
SQA,S,NA
TMFBIO,TMFB,NA
EXONEB,EXON,NA
UHOS,UH,NA
SAMRUK,SAMR,NA
IASLFF,IASL,NA
THEMET,THEM,NA
DISDYN,DISD,NA
PCP,P,NA
PJIAE,PJI,NA
BBRIIJ,BBRI,NA
RCCF,RC,NA
SPLS,SPLS,Staples, Inc.
IRWD,IRWD,Ironwood Pharmaceuticals, Inc.
AXTA,AXTA,Axalta Coating Systems Ltd. Com
SXCP,SXCP,SunCoke Energy Partners, L.P. C
RGC,RGC,Regal Entertainment Group Class
LEA,LEA,Lear Corporation Common Stock
CG,CG,The Carlyle Group L.P.
DGI,DGI,DigitalGlobe, Inc Common Stock
PCRX,PCRX,Pacira Pharmaceuticals, Inc.
ROCK,ROCK,Gibraltar Industries, Inc.
ZTS,ZTS,Zoetis Inc. Class A Common Stoc
BRCD,BRCD,Brocade Communications Systems,
GLF,GLF,GulfMark Offshore, Inc. New Com
INVA,INVA,INOVA TECHNOLOGY INC
SZYM,SZYM,Solazyme, Inc.
WEX,WEX,WEX Inc. common stock
ACKAF,ACKAF,ARCELIK TRY1
OPK,OPK,Opko Health, Inc.
FAF,FAF,First American Corporation (New
SFL,SFL,Ship Finance International Limi
MHK,MHK,Mohawk Industries, Inc. Common 
FMER,FMER,FirstMerit Corporation
NFLX,NFLX,Netflix, Inc.
NXPI,NXPI,NXP Semiconductors N.V.
NCLH,NCLH,Norwegian Cruise Line Holdings 
MMLP,MMLP,Martin Midstream Partners L.P.
EMEXF,EMEXF,EMERALD PLANTATION
MOH,MOH,Molina Healthcare Inc Common St
STWD,STWD,STARWOOD PROPERTY TRUST, INC. S
DLPH,DLPH,Delphi Automotive plc Ordinary 
BKCC,BKCC,BlackRock Capital Investment Co
FOR,FOR,Forestar Group Inc Common Stock
CPTP,CPTP,CAPITAL PROPERTIES A
SHTGF,SHTGF,SHUN TAK HOLDINGS LT
MTZ,MTZ,MasTec, Inc. Common Stock
CBG,CBG,CBRE Group Inc Common Stock Cla
AIA,AIA,iShares Asia 50 ETF
IVR,IVR,INVESCO MORTGAGE CAPITAL INC Co
CDZI,CDZI,Cadiz, Inc.
CEN,CEN,Center Coast MLP & Infrastructu
BCOR,BCOR,Blucora, Inc.
ENLK,ENLK,EnLink Midstream Partners, LP C
MXIM,MXIM,Maxim Integrated Products, Inc.
MIG,MIG,Meadowbrook Insurance Group, In
CRM,CRM,Salesforce.com Inc Common Stock
REN,REN,Resolute Energy Corporation Com
SEB,SEB,Seaboard Corporation Common Sto
CXW,CXW,Corrections Corporation of Amer
STJ,STJ,St. Jude Medical, Inc. Common S
NEU,NEU,NewMarket Corp Common Stock
ACC,ACC,American Campus Communities Inc
GPK,GPK,Graphic Packaging Holding Compa
IFF,IFF,Internationa Flavors & Fragranc
AR,AR,Antero Resources Corporation Co
HEES,HEES,H&E Equipment Services, Inc.
HL,HL,Hecla Mining Company Common Sto
RNF,RNF,Rentech Nitrogen Partners, L.P.
CLNY,CLNY,Colony Capital, Inc. Class A Co
DLX,DLX,Deluxe Corporation Common Stock
CORBAN,CORB,NA
COGARD,COGA,NA
PWGRIN,PWGR,NA
SHIMAO,SHIM,NA
WELLSE,WELL,NA
OXDFLL,OXDF,NA
SSOCN,SSO,NA
LASUDE,LASU,NA
CPREIT,CPRE,NA
JGSPM,JGS,NA
CRBKMO,CRBK,NA
ZACHRY,ZACH,NA
APEXTO,APEX,NA
YUEXIU,YUEX,NA
CHEUNG,CHEU,NA
XINHD,XIN,NA
GJTLIJ,GJTL,NA
SIBUR,SIB,NA
DURRAH,DURR,NA
TONOBZ,TONO,NA
VITALI,VITA,NA
METROG,METR,NA
TOPTB,TOP,NA
PESEXA,PESE,NA
FRAX,FR,NA
COSCCH,COSC,NA
CENCHI,CENC,NA
SIMEMK,SIME,NA
ATENTO,ATEN,NA
WEEKHM,WEEK,NA
EXPLEA,EXPL,NA
FOSUNI,FOSU,NA
ADVENT,ADVE,NA
YALHOS,YALH,NA
HAIAIR,HAIA,NA
CPACPE,CPAC,NA
BRSVDR,BRSV,NA
GPKLN,GPK,NA
GRNCH,GRN,NA
KOSOPW,KOSO,NA
PHORRU,PHOR,NA
ASHWOO,ASHW,NA
TALPRO,TALP,NA
CHRAIL,CHRA,NA
HDSUPP,HDSU,NA
BCGBK,BCG,NA
FITWAL,FITW,NA
MIEHOL,MIEH,NA
PCORPM,PCOR,NA
PRMIAN,PRMI,NA
GCCAMM,GCCA,NA
BNKPOZ,BNKP,NA
MILSRV,MILS,NA
CHSCOI,CHSC,NA
SMUSA,SMU,NA
IMBLN,IMB,NA
TBIGIJ,TBIG,NA
VRGLIN,VRGL,NA
LULWAL,LULW,NA
COLGUN,COLG,NA
ALTBUI,ALTB,NA
ADNLN,ADN,NA
TNEMAK,TNEM,NA
PBFENE,PBFE,NA
PRBANK,PRBA,NA
GLOPRO,GLOP,NA
ASSASP,ASSA,NA
KEEXPT,KEEX,NA
MAXTEL,MAXT,NA
TRW,T,NA
TANNER,TANN,NA
EOLEFI,EOLE,NA
CRNRCH,CRNR,NA
BOCOM,BOC,NA
HDFCB,HDF,NA
MAIMED,MAIM,NA
SHATHC,SHAT,NA
BHARTI,BHAR,NA
VANKE,VAN,NA
KTB,K,NA
KCHOL,KCH,NA
STATSP,STAT,NA
ALEXAL,ALEX,NA
PCCW,PC,NA
MCGHLL,MCGH,NA
NANADE,NANA,NA
SEATRK,SEAT,NA
SUNPRD,SUNP,NA
ALIPE,ALI,NA
AGSBB,AGS,NA
WATCOS,WATC,NA
STAREN,STAR,NA
ASYAKA,ASYA,NA
VCALEA,VCAL,NA
MHPSA,MHP,NA
SJNKI,SJN,NA
GCN,G,NA
AMALBK,AMAL,NA
CALLAO,CALL,NA
EGLCOL,EGLC,NA
SBMAU,SBM,NA
MTLICO,MTLI,NA
JEFFIN,JEFF,NA
FGLIFE,FGLI,NA
KCADEU,KCAD,NA
MZIA,MZ,NA
FDCPM,FDC,NA
RXLFP,RXL,NA
UKRLAN,UKRL,NA
SUELIN,SUEL,NA
FITLOW,FITL,NA
HKHKD,HKH,NA
SUMITR,SUMI,NA
MILPOC,MILP,NA
ASRIIJ,ASRI,NA
UIRCII,UIRC,NA
RENAUL,RENA,NA
WILTON,WILT,NA
BMW,B,NA
SESGFP,SESG,NA
DTEKUA,DTEK,NA
SUNAC,SUN,NA
TAISEM,TAIS,NA
CAELUS,CAEL,NA
CRROCK,CRRO,NA
YINGDZ,YING,NA
ONGCIN,ONGC,NA
KYGID,KYG,NA
TRHEEL,TRHE,NA
ABCSUP,ABCS,NA
TRAFIG,TRAF,NA
NEWCOT,NEWC,NA
SUTHEA,SUTH,NA
ARALCO,ARAL,NA
TEXTEX,TEXT,NA
BSLAU,BSL,NA
NESRH,NES,NA
SOFTBK,SOFT,NA
BTGINV,BTGI,NA
USFOOD,USFO,NA
CHIOIL,CHIO,NA
BCC,BCC,Boise Cascade, L.L.C. Common St
ST,ST,Sensata Technologies Holding N.
NKE,NKE,Nike, Inc. Common Stock
RLGY,RLGY,Realogy Holdings Corp. Common S
PMT,PMT,PennyMac Mortgage Investment Tr
SUPN,SUPN,Supernus Pharmaceuticals, Inc.
TITN,TITN,Titan Machinery Inc.
LVLT,LVLT,Level 3 Communications, Inc. Co
AAPL,AAPL,Apple Inc.
NCR,NCR,NCR Corporation Common Stock
AMSG,AMSG,Amsurg Corp.
EAT,EAT,Brinker International, Inc. Com
MIICF,MIICF,MILLICOM INTL CELL
ERA,ERA,Era Group, Inc. Common Stock
NP,NP,Neenah Paper, Inc. Common Stock
BLDR,BLDR,Builders FirstSource, Inc.
STON,STON,StoneMor Partners L.P. Common U
SFLY,SFLY,Shutterfly, Inc.
HA,HA,Hawaiian Holdings, Inc.
VVUS,VVUS,VIVUS, Inc.
TSS,TSS,Total System Services, Inc. Com
TSLA,TSLA,Tesla Motors, Inc.
ACCO,ACCO,Acco Brands Corporation Common 
BGS,BGS,B&G Foods, Inc. B&G Foods, Inc.
CENX,CENX,Century Aluminum Company
SBRA,SBRA,Sabra Healthcare REIT, Inc.
COMM,COMM,CommScope Holding Company, Inc.
PAG,PAG,Penske Automotive Group, Inc. C
GSAT,GSAT,Globalstar, Inc. Common Stock
SPWR,SPWR,SunPower Corporation
ADI,ADI,Analog Devices, Inc.
INFN,INFN,Infinera Corporation
NSM,NSM,Nationstar Mortgage Holdings In
FXCM,FXCM,FXCM Inc.
SBGI,SBGI,Sinclair Broadcast Group, Inc.
IMKTA,IMKTA,Ingles Markets, Incorporated
N,N,Netsuite Inc Common Stock
AREX,AREX,Approach Resources Inc.
EMC,EMC,** SEE<DVMT>
BCEI,BCEI,Bonanza Creek Energy, Inc. Comm
ARRY,ARRY,Array BioPharma Inc.
HFFC,HFFC,HF Financial Corp.
GEL,GEL,Genesis Energy, L.P. Common Uni
WLH,WLH,Lyon William Homes Common Stock
CSOD,CSOD,Cornerstone OnDemand, Inc.
WDAY,WDAY,Workday, Inc. Common Stock
CONE,CONE,CyrusOne Inc
MDRX,MDRX,Allscripts Healthcare Solutions
JNS,JNS,Janus Capital Group, Inc. Cmn S
CLW,CLW,Clearwater Paper Corporation Co
SCTY,SCTY,SolarCity Corporation
EXR,EXR,Extra Space Storage Inc Common 
PDM,PDM,Piedmont Office Realty Trust, I
IAC,IAC,IAC/InterActiveCorp
STL,STL,Sterling Bancorp
TGI,TGI,Triumph Group, Inc. Common Stoc
FCN,FCN,FTI Consulting, Inc. Common Sto
HWAY,HWAY,Healthways, Inc.
MEMP,MEMP,Memorial Production Partners LP
WNR,WNR,Western Refining Inc. Western R
TDG,TDG,Transdigm Group Incorporated Tr
NSR,NSR,Neustar, Inc. Neustar, Inc. Cla
STLD,STLD,Steel Dynamics, Inc.
MACK,MACK,Merrimack Pharmaceuticals, Inc.
ASCMA,ASCMA,Ascent Capital Group, Inc.
AEL,AEL,American Equity Investment Life
MLPL,MLPL,UBS AG 2X Monthly Leveraged Lon
OFC,OFC,Corporate Office Properties Tru
AIRFP,AIR,NA
FOUND,FOU,NA
LINGR,LIN,NA
SISETI,SISE,NA
EASTCM,EAST,NA
METLSA,METL,NA
URKARM,URKA,NA
PGILLN,PGIL,NA
TAYMON,TAYM,NA
EDCLLI,EDCL,NA
BDRLNO,BDRL,NA
LAMON,LAM,NA
SMCPM,SMC,NA
CCACN,CCA,NA
FESHRU,FESH,NA
TGPERU,TGPE,NA
CARPFI,CARP,NA
AMTTOW,AMTT,NA
SINOPC,SINO,NA
WINDIM,WIND,NA
BSPHOR,BSPH,NA
VAMASN,VAMA,NA
FERROS,FERR,NA
BATELC,BATE,NA
WOWFIN,WOWF,NA
SHAEFF,SHAE,NA
GESTAM,GEST,NA
ANDRGI,ANDR,NA
HAMCLG,HAMC,NA
BOCAVI,BOCA,NA
ACACN,ACA,NA
TUFIKA,TUFI,NA
COMPCO,COMP,NA
BFALA,BFA,NA
PELICR,PELI,NA
JPFAIJ,JPFA,NA
GMKNRM,GMKN,NA
NITROG,NITR,NA
HKUS,HK,NA
TRANSM,TRAN,NA
JHHSYS,JHHS,NA
NORDLI,NORD,NA
LBCTNK,LBCT,NA
SANDRE,SAND,NA
RLTAIN,RLTA,NA
WANTSP,WANT,NA
SAFWAY,SAFW,NA
INEGRP,INEG,NA
EXPTEN,EXPT,NA
BHITIJ,BHIT,NA
FIDBAN,FIDB,NA
VIICN,VII,NA
RLCONS,RLCO,NA
PFAVHC,PFAV,NA
POLHON,POLH,NA
FIRSTQ,FIRS,NA
GERGHK,GERG,NA
MAGNTN,MAGN,NA
SEMHRK,SEMH,NA
BARPTY,BARP,NA
IRACOR,IRAC,NA
BRTFOD,BRTF,NA
YXREIT,YXRE,NA
FEMSA,FEM,NA
VCHLSE,VCHL,NA
BLUDNB,BLUD,NA
DANAGS,DANA,NA
LONGRE,LONG,NA
PENAIR,PENA,NA
IFCDCN,IFCD,NA
AFFGAM,AFFG,NA
TELNO,TEL,NA
SGRHSE,SGRH,NA
GOLLEA,GOLL,NA
JEFLCR,JEFL,NA
SPRIND,SPRI,NA
CHGRID,CHGR,NA
FSL,F,NA
DARALA,DARA,NA
PRFDAS,PRFD,NA
VATOCG,VATO,NA
INTGEN,INTG,NA
FAMSA,FAM,NA
CEDC,CE,NA
CHINPR,CHIN,NA
FARMIN,FARM,NA
MERSIN,MERS,NA
MASLTD,MASL,NA
SAPGR,SAP,NA
KEXLEA,KEXL,NA
HOTT,HO,NA
EMEXPH,EMEX,NA
BARY,BA,NA
LONGYU,LONG,NA
IRONGT,IRON,NA
JKCOOP,JKCO,NA
ASCHEA,ASCH,NA
TRAINT,TRAI,NA
ROUSTL,ROUS,NA
RICEUN,RICE,NA
GOPAIR,GOPA,NA
ULAMSN,ULAM,NA
RCNTEL,RCNT,NA
LATOFF,LATO,NA
NFP,N,NA
OSPAIR,OSPA,NA
TRAMLN,TRAM,NA
QUEEST,QUEE,NA
IBISRE,IBIS,NA
BASSDR,BASS,NA
CPROIJ,CPRO,NA
RPCUH,RPC,NA
IAGLN,IAG,NA
GEICN,GEI,NA
SLH,S,NA
STACAS,STAC,NA
ALTINV,ALTI,NA
CRECOR,CREC,NA
MONLIS,MONL,NA
GTI,G,NA
TRDWYN,TRDW,NA
TOCLUB,TOCL,NA
TMXFIN,TMXF,NA
SELA,SE,NA
STANDK,STAN,NA
JAPTOB,JAPT,NA
NCX,N,NA
HUGHES,HUGH,NA
EXPELE,EXPE,NA
CARBEE,CARB,NA
GDI,G,NA
MIDCON,MIDC,NA
JAKK,JAKK,JAKKS Pacific, Inc.
CHMT,CHMT,Chemtura Corp. Common Stock
AOI,AOI,Alliance One International, Inc
ARP,ARP,Atlas Resource Partners, L.P. C
VER,VER,VEREIT, Inc. Common Stock
TPX,TPX,Tempur Sealy International, Inc
RATE,RATE,Bankrate, Inc. Common Stock
DWA,DWA,Dreamworks Animation SKG, Inc.
RYI,RYI,Ryerson Holding Corporation Com
MUSA,MUSA,Murphy USA Inc. Common Stock
WAB,WAB,Westinghouse Air Brake Technolo
MDSO,MDSO,Medidata Solutions, Inc.
SREV,SREV,ServiceSource International, In
PRAA,PRAA,PRA Group, Inc.
WWW,WWW,Wolverine World Wide, Inc. Comm
WEB,WEB,Web.com Group, Inc.
RMBS,RMBS,Rambus, Inc.
ACIW,ACIW,ACI Worldwide, Inc.
EDMC,EDMC,EDUCATION MANAGEMENT
FELP,FELP,Foresight Energy LP Common Unit
VIAV,VIAV,Viavi Solutions Inc.
TLLP,TLLP,Tesoro Logistics LP Common Unit
CVI,CVI,CVR Energy Inc. Common Stock
QIHU,QIHU,Qihoo 360 Technology Co. Ltd. A
ATVI,ATVI,Activision Blizzard, Inc
SBUX,SBUX,Starbucks Corporation
SEM,SEM,Select Medical Holdings Corpora
BMCH,BMCH,BMC Stock Holdings, Inc.
BRSS,BRSS,Global Brass and Copper Holding
GPOR,GPOR,Gulfport Energy Corporation
POL,POL,PolyOne Corporation Common Stoc
ACAS,ACAS,American Capital, Ltd.
ALJ,ALJ,Alon USA Energy, Inc. common st
PLX,PLX,Protalix BioTherapeutics, Inc. 
GSVC,GSVC,GSV Capital Corp
GPRE,GPRE,Green Plains, Inc.
RL,RL,Ralph Lauren Corporation Common
EW,EW,Edwards Lifesciences Corporatio
VLY,VLY,Valley National Bancorp Common 
ARCO,ARCO,Arcos Dorados Holdings Inc. Cla
RLI,RLI,RLI Corp. Common Stock
HHC,HHC,Howard Hughes Corporation (The)
REXX,REXX,Rex Energy Corporation
NTI,NTI,Northern Tier Energy LP Common 
NAVG,NAVG,The Navigators Group, Inc.
RHP,RHP,Ryman Hospitality Properties, I
OUTR,OUTR,Outerwall Inc.
NQ,NQ,NQ Mobile Inc. American Deposit
LMCA,LMCA,Liberty Media Corporation
RSO,RSO,Resource Capital Corp. Resource
LUK,LUK,Leucadia National Corporation C
PENN,PENN,Penn National Gaming, Inc.
ANW,ANW,Aegean Marine Petroleum Network
MX,MX,MagnaChip Semiconductor Corpora
NXST,NXST,Nexstar Broadcasting Group, Inc
HTA,HTA,Healthcare Trust of America, In
NNA,NNA,Navios Maritime Acquisition Cor
FRME,FRME,First Merchants Corporation
WCG,WCG,Wellcare Health Plans, Inc. Com
PRGO,PRGO,Perrigo Company plc Ordinary Sh
LAYN,LAYN,Layne Christensen Company
FUN,FUN,Cedar Fair, L.P. Common Stock
INVN,INVN,InvenSense, Inc. Common Stock
INCY,INCY,Incyte Corporation
NOW,NOW,ServiceNow, Inc. Common Stock
CST,CST,CST Brands, Inc. Common Stock
BBCN,BBCN,HOPE BANCORP INC
TSELEC,TSEL,NA
CHASSX,CHAS,NA
HOPECA,HOPE,NA
PHHOLD,PHHO,NA
KEHEFO,KEHE,NA
MEXAIR,MEXA,NA
GIBSON,GIBS,NA
FLVC,FL,NA
SOCP,SO,NA
NORGRP,NORG,NA
METCAT,METC,NA
POLYRE,POLY,NA
ACOM,AC,NA
AAAIRF,AAAI,NA
STELND,STEL,NA
NATAMU,NATA,NA
NTHSHR,NTHS,NA
PLAYRE,PLAY,NA
TUFMED,TUFM,NA
FBNNL,FBN,NA
ENDENR,ENDE,NA
WCPTOW,WCPT,NA
AMETPR,AMET,NA
BANDCR,BAND,NA
SCCGLL,SCCG,NA
HARARL,HARA,NA
MULPAC,MULP,NA
RECAS,REC,NA
SHINGL,SHIN,NA
BLUEPL,BLUE,NA
INSITE,INSI,NA
LILEFN,LILE,NA
BTOCN,BTO,NA
CODE,CO,NA
UNILOU,UNIL,NA
NSBLK,NSB,NA
AIRFND,AIRF,NA
LADCAP,LADC,NA
ZHTONG,ZHTO,NA
CATIC,CAT,NA
NAKAMA,NAKA,NA
SUMILF,SUMI,NA
ORIEAS,ORIE,NA
ATLAS,ATL,NA
PINNOP,PINN,NA
HBGCN,HBG,NA
PRSPCT,PRSP,NA
BORFIN,BORF,NA
OFDMEX,OFDM,NA
ODHGPR,ODHG,NA
INACN,INA,NA
CCOLAT,CCOL,NA
RBLN,RB,NA
DENBOR,DENB,NA
WUINTL,WUIN,NA
APL,A,NA
CERPLC,CERP,NA
COMPOL,COMP,NA
PRAI,PR,NA
KINNEE,KINN,NA
STANDP,STAN,NA
SNFF,SN,NA
PLASPK,PLAS,NA
AETINC,AETI,NA
VCILEA,VCIL,NA
APXSEC,APXS,NA
ANNGR,ANN,NA
TMS,T,NA
CHGDNU,CHGD,NA
ANDINA,ANDI,NA
PRISEM,PRIS,NA
AVACOM,AVAC,NA
GRSPEC,GRSP,NA
YUZHOU,YUZH,NA
OCEANO,OCEA,NA
BKR,B,NA
FGENPM,FGEN,NA
PFCLN,PFC,NA
GRNLHK,GRNL,NA
VAHAU,VAH,NA
CCG,C,NA
CTIH,CT,NA
SYNCIM,SYNC,NA
ALSPVE,ALSP,NA
DOCTOR,DOCT,NA
MHRC,MH,NA
SAMMON,SAMM,NA
RUE,R,NA
WYNMAC,WYNM,NA
DEXGRP,DEXG,NA
CNALN,CNA,NA
DEBTAS,DEBT,NA
ETIAIR,ETIA,NA
WWY,W,NA
SANMON,SANM,NA
HAISEC,HAIS,NA
ENTEL,ENT,NA
BNALCR,BNAL,NA
MDLNIJ,MDLN,NA
DOLE,DO,NA
VICVN,VIC,NA
ANTOIL,ANTO,NA
HATELE,HATE,NA
TPZMAR,TPZM,NA
CEMPRO,CEMP,NA
BBBB,BB,NA
BFCM,BF,NA
CHALUM,CHAL,NA
EVERRE,EVER,NA
GALIRE,GALI,NA
TLWLN,TLW,NA
CSBNKZ,CSBN,NA
JCG,J,NA
GWCN,GW,NA
SMIPET,SMIP,NA
GOLDNU,GOLD,NA
SMITHI,SMIT,NA
CAPSUG,CAPS,NA
RTSX,RT,NA
GUANFI,GUAN,NA
BANTRB,BANT,NA
ANDINV,ANDI,NA
COFCO,COF,NA
COBREM,COBR,NA
BEVMO,BEV,NA
CMLP,CM,NA
FRESLN,FRES,NA
FEIBNK,FEIB,NA
CBCAMO,CBCA,NA
UIRIII,UIRI,NA
ADSWST,ADSW,NA
DMEAIR,DMEA,NA
APPPAP,APPP,NA
SINA,SINA,Sina Corporation
PRA,PRA,ProAssurance Corporation Common
DFT,DFT,Dupont Fabros Technology, Inc. 
BXMT,BXMT,Blackstone Mortgage Trust, Inc.
SVU,SVU,SuperValu Inc. Common Stock
YHOO,YHOO,Yahoo! Inc.
ZFC,ZFC,ZAIS Financial Corp. Common Sto
CATM,CATM,Cardtronics plc
AMRI,AMRI,Albany Molecular Research, Inc.
GCAP,GCAP,GAIN Capital Holdings, Inc. Com
CBL,CBL,CBL & Associates Properties, In
REV,REV,Revlon, Inc. New Common Stock
NVDA,NVDA,NVIDIA Corporation
ULTR,ULTR,Ultrapetrol (Bahamas) Limited
OREX,OREX,Orexigen Therapeutics, Inc.
FLY,FLY,Fly Leasing Limited
UPL,UPL,Ultra Petroleum Corp.
PBH,PBH,Prestige Brand Holdings, Inc. C
ELGX,ELGX,Endologix, Inc.
SFUN,SFUN,Fang Holdings Limited American 
ROIC,ROIC,Retail Opportunity Investments 
PFPT,PFPT,Proofpoint, Inc.
HCI,HCI,HCI Group, Inc. Common Stock
APLP,APLP,Archrock Partners, L.P.
LGCY,LGCY,Legacy Reserves LP
CHDN,CHDN,Churchill Downs, Incorporated
DAR,DAR,Darling Ingredients Inc. Common
FNSR,FNSR,Finisar Corporation
YNDX,YNDX,Yandex N.V.
CLMT,CLMT,Calumet Specialty Products Part
EJ,EJ,E-House (China) Holdings Limite
SUNE,SUNE,SunEdison, Inc.
MIK,MIK,The Michaels Companies, Inc.
TTMI,TTMI,TTM Technologies, Inc.
SPPI,SPPI,Spectrum Pharmaceuticals, Inc.
IEP,IEP,Icahn Enterprises L.P.
CARO,CARO,Carolina Financial Corporation
PATCA,PATCA,PATRIOT COAL
PF,PF,Pinnacle Foods, Inc. Common Sto
SEMG,SEMG,Semgroup Corporation Class A Co
HRG,HRG,HRG Group, Inc. Common Stock
CSH,CSH,Cash America International, Inc
LBTYA,LBTYA,Liberty Global plc
ARMK,ARMK,Aramark Common Stock
CACC,CACC,Credit Acceptance Corporation
LM,LM,Legg Mason, Inc. Common Stock
CXDC,CXDC,China XD Plastics Company Limit
EBS,EBS,Emergent Biosolutions, Inc. Com
ROIAK,ROIAK,Radio One, Inc.
TCBI,TCBI,Texas Capital Bancshares, Inc.
SFXE,SFXE,SFX Entertainment, Inc.
FLDM,FLDM,Fluidigm Corporation
BCOM,BCOM,B Communications Ltd.
HLF,HLF,Herbalife Ltd. Common Stock
CPHD,CPHD,CEPHEID
WBS,WBS,Webster Financial Corporation C
NYLD,NYLD,NRG Yield, Inc. Class C Common 
PDLI,PDLI,PDL BioPharma, Inc.
AMG,AMG,Affiliated Managers Group, Inc.
PKD,PKD,Parker Drilling Company Common 
AMAG,AMAG,AMAG Pharmaceuticals, Inc.
EMG,EMG,Emergent Capital, Inc. Common S
FSC,FSC,Fifth Street Finance Corp.
AKAM,AKAM,Akamai Technologies, Inc.
THS,THS,Treehouse Foods, Inc. Common St
UTIW,UTIW,UTi Worldwide Inc.
JBHT,JBHT,J.B. Hunt Transport Services, I
COWN,COWN,Cowen Group, Inc.
NKA,NKA,Niska Gas Storage Partners LLC 
GSL,GSL,Global Ship Lease Inc New Class
ARI,ARI,Apollo Commercial Real Estate F
VIPS,VIPS,Vipshop Holdings Limited Americ
WPC,WPC,W.P. Carey Inc. REIT
ENTG,ENTG,Entegris, Inc.
MLNK,MLNK,ModusLink Global Solutions, Inc
CSV,CSV,Carriage Services, Inc. Common 
EOX,EOX,Emerald Oil, Inc. Common Stock
YY,YY,YY Inc.
LEE,LEE,Lee Enterprises, Incorporated C
NHI,NHI,National Health Investors, Inc.
KW,KW,Kennedy-Wilson Holdings Inc. Co
GPT,GPT,Gramercy Property Trust
MA,MA,Mastercard Incorporated Common 
MDR,MDR,McDermott International, Inc. C
LKQ,LKQ,LKQ Corporation
CCOI,CCOI,Cogent Communications Holdings,
JOBS,JOBS,51job, Inc.
JOE,JOE,St. Joe Company (The) Common St
TIME,TIME,Time Inc. Common Stock
AMC,AMC,AMC Entertainment Holdings, Inc
IO,IO,Ion Geophysical Corporation Com
SMDRLN,SMDR,NA
DALWAN,DALW,NA
CHMEDA,CHME,NA
BRANDI,BRAN,NA
RIMONL,RIMO,NA
SEALLC,SEAL,NA
AFFGRP,AFFG,NA
OSBCN,OSB,NA
BCEMC,BCE,NA
UNCOLL,UNCO,NA
VOSEXP,VOSE,NA
WISMET,WISM,NA
ARPI,AR,NA
UUUCN,UUU,NA
SBSG,SB,NA
IDESA,IDE,NA
AGRBK,AGR,NA
DYSEVE,DYSE,NA
ONECAL,ONEC,NA
DYEIGH,DYEI,NA
ALTIIN,ALTI,NA
ALTITU,ALTI,NA
CTPTRA,CTPT,NA
ELETSN,ELET,NA
TRLA,TR,NA
EXPTWE,EXPT,NA
REVFIN,REVF,NA
CHELWO,CHEL,NA
QUECIT,QUEC,NA
SIEHAM,SIEH,NA
LOMARE,LOMA,NA
VENTER,VENT,NA
GOODNT,GOOD,NA
FEITWO,FEIT,NA
CARRHO,CARR,NA
SWOOD,SWO,NA
INTSPN,INTS,NA
EXPEIG,EXPE,NA
NEUNIV,NEUN,NA
STENA,STE,NA
EXLEAS,EXLE,NA
WATJET,WATJ,NA
CHSHIP,CHSH,NA
PNPYG,PNP,NA
HOCLN,HOC,NA
BLULNE,BLUL,NA
PUMAFN,PUMA,NA
NESCOL,NESC,NA
BMETR,BME,NA
NADLNO,NADL,NA
NBZCN,NBZ,NA
PTICN,PTI,NA
FFNT,FF,NA
FUNOTR,FUNO,NA
INTAVI,INTA,NA
PARSLY,PARS,NA
LANTRA,LANT,NA
HELILE,HELI,NA
MINSUR,MINS,NA
NOR,N,NA
AMENUT,AMEN,NA
CEC,C,NA
HUNTCO,HUNT,NA
FREGR,FRE,NA
MODSPA,MODS,NA
ANZNZ,ANZ,NA
BZLNZ,BZL,NA
GRKT,GR,NA
EHLAU,EHL,NA
DAYCOV,DAYC,NA
KIZURE,KIZU,NA
KDFHEN,KDFH,NA
AMSIND,AMSI,NA
IIICN,III,NA
GRFSM,GRF,NA
EASTLA,EAST,NA
GATORE,GATO,NA
CREAL,CRE,NA
AGICN,AGI,NA
SUMMPL,SUMM,NA
RDGBCR,RDGB,NA
MLTPLN,MLTP,NA
PACT,PA,NA
ARTSNG,ARTS,NA
SUNASC,SUNA,NA
HARKAN,HARK,NA
COLUIF,COLU,NA
MERNA,MER,NA
ALFAA,ALF,NA
TURKTI,TURK,NA
RVRFRT,RVRF,NA
ABENGO,ABEN,NA
TSEMIT,TSEM,NA
AGROME,AGRO,NA
LNRAU,LNR,NA
SUNAU,SUN,NA
GTRC,GT,NA
ENQLN,ENQ,NA
KCMA,KC,NA
DAMACR,DAMA,NA
SIGINT,SIGI,NA
SUAMSA,SUAM,NA
LWSN,LW,NA
ATWIDR,ATWI,NA
FINDEP,FIND,NA
FTSINT,FTSI,NA
FECRC,FEC,NA
ZENITH,ZENI,NA
CITREL,CITR,NA
ACHC,ACHC,Acadia Healthcare Company, Inc.
GST,GST,Gastar Exploration Inc Common S
CSTM,CSTM,Constellium N.V. Ordinary Share
CTXS,CTXS,Citrix Systems, Inc.
DCT,DCT,DCT Industrial Trust Inc Common
RFP,RFP,Resolute Forest Products Inc. C
EAC,EAC,Erickson Incorporated
WCIC,WCIC,WCI Communities, Inc. Common St
BERY,BERY,Berry Plastics Group, Inc. Comm
RYAM,RYAM,Rayonier Advanced Materials Inc
LXU,LXU,LSB Industries, Inc. Common Sto
OCN,OCN,Ocwen Financial Corporation NEW
WMIH,WMIH,WMI HOLDINGS
SRC,SRC,Spirit Realty Capital, Inc. Com
SIG,SIG,Signet Jewelers Limited Common 
XRS,XRS,TAL Education Group American De
ENBL,ENBL,Enable Midstream Partners, LP C
SANM,SANM,Sanmina Corporation
TOO,TOO,Teekay Offshore Partners L.P. C
AMRS,AMRS,Amyris, Inc.
APO,APO,Apollo Global Management, LLC C
NRP,NRP,Natural Resource Partners LP Li
SPNC,SPNC,The Spectranetics Corporation
NMFC,NMFC,New Mountain Finance Corporatio
REGI,REGI,Renewable Energy Group, Inc.
AXLL,AXLL,Axiall Corporation
OSK,OSK,Oshkosh Corporation (Holding Co
PODD,PODD,Insulet Corporation
TSLX,TSLX,TPG Specialty Lending, Inc. Com
RTRX,RTRX,Retrophin, Inc.
ILMN,ILMN,Illumina, Inc.
TSL,TSL,Trina Solar Limited Sponsored A
TLRD,TLRD,Tailored Brands, Inc. Common St
HW,HW,Headwaters Incorporated Common 
WTFC,WTFC,Wintrust Financial Corporation
FRC,FRC,FIRST REPUBLIC BANK Common Stoc
TCPC,TCPC,TCP Capital Corp.
CMP,CMP,Compass Minerals Intl Inc Commo
ARIA,ARIA,ARIAD Pharmaceuticals, Inc.
VRNT,VRNT,Verint Systems Inc.
ALGT,ALGT,Allegiant Travel Company
RH,RH,Restoration Hardware Holdings I
ACOR,ACOR,Acorda Therapeutics, Inc.
EZPW,EZPW,EZCORP, Inc.
TLOG,TLOG,TetraLogic Pharmaceuticals Corp
SN,SN,Sanchez Energy Corporation Comm
CUBI,CUBI,Customers Bancorp, Inc Common S
MELI,MELI,MercadoLibre, Inc.
STNG,STNG,Scorpio Tankers Inc. Common Sha
PANW,PANW,Palo Alto Networks, Inc. Common
ALLE,ALLE,Allegion plc Ordinary Shares
USCR,USCR,U S Concrete, Inc.
GLPI,GLPI,Gaming and Leisure Properties, 
SFR,SFR,Colony Starwood Homes Common Sh
CRI,CRI,Carter's, Inc. Common Stock
SYF,SYF,Synchrony Financial Common Stoc
FSIC,FSIC,FS Investment Corporation Commo
MIC,MIC,Macquarie Infrastructure Compan
TPLM,TPLM,Triangle Petroleum Corporation 
SWHC,SWHC,Smith & Wesson Holding Corporat
BBBY,BBBY,Bed Bath & Beyond Inc.
KEYW,KEYW,The KEYW Holding Corporation
IBTX,IBTX,Independent Bank Group, Inc
KOS,KOS,Kosmos Energy Ltd. Common Share
WRES,WRES,Warren Resources, Inc.
EQM,EQM,EQT Midstream Partners, LP Comm
PHII,PHII,PHI, Inc.
EGBN,EGBN,Eagle Bancorp, Inc.
PGEM,PGEM,Ply Gem Holdings, Inc. Common S
ESRT,ESRT,Empire State Realty Trust, Inc.
SNCR,SNCR,Synchronoss Technologies, Inc.
DLNG,DLNG,Dynagas LNG Partners LP Common 
JAZZ,JAZZ,Jazz Pharmaceuticals plc
ONB,ONB,Old National Bancorp
AEGR,AEGR,Aegerion Pharmaceuticals, Inc.
LGND,LGND,Ligand Pharmaceuticals Incorpor
ENOC,ENOC,EnerNOC, Inc.
FET,FET,Forum Energy Technologies, Inc.
NWBO,NWBO,Northwest Biotherapeutics, Inc.
ATCNA,ATC,NA
SFRFP,SFR,NA
SRIRJK,SRIR,NA
OCPMR,OCP,NA
KILREL,KILR,NA
HEFOSO,HEFO,NA
GTOWNU,GTOW,NA
CSMAU,CSM,NA
LENOVO,LENO,NA
EVERGL,EVER,NA
LABARS,LABA,NA
RATCH,RAT,NA
MASISA,MASI,NA
KORESC,KORE,NA
CCAMCL,CCAM,NA
DEVTAM,DEVT,NA
OCENSA,OCEN,NA
FERMCA,FERM,NA
FIBRBZ,FIBR,NA
ARMORE,ARMO,NA
SRNCOM,SRNC,NA
SORENC,SORE,NA
CONGLO,CONG,NA
BRSAU,BRS,NA
MURREN,MURR,NA
DIAMBK,DIAM,NA
JETSS,JET,NA
EXL,E,NA
ORTCLI,ORTC,NA
NGREFN,NGRE,NA
CIWSCI,CIWS,NA
PGASIJ,PGAS,NA
MAOIH,MAO,NA
KISSNR,KISS,NA
YMCAWI,YMCA,NA
INVCOR,INVC,NA
CTREV,CTR,NA
GRICNO,GRIC,NA
HOUFIT,HOUF,NA
DRVTIM,DRVT,NA
ISATLN,ISAT,NA
PACINW,PACI,NA
ETISLT,ETIS,NA
INTMAS,INTM,NA
BINBUR,BINB,NA
THIRAL,THIR,NA
YAHEAL,YAHE,NA
OAKMNT,OAKM,NA
SESHNG,SESH,NA
ACCGHL,ACCG,NA
FLECIN,FLEC,NA
CASCN,CAS,NA
MASHER,MASH,NA
EMAARM,EMAA,NA
FISHLN,FISH,NA
HILCOS,HILC,NA
GATGLO,GATG,NA
SSABAS,SSAB,NA
KFINKK,KFIN,NA
OOGCOR,OOGC,NA
GKOLN,GKO,NA
SANJEL,SANJ,NA
NUVOTV,NUVO,NA
MGCN,MG,NA
RIOOIL,RIOO,NA
GOOMAN,GOOM,NA
EMS,E,NA
HONGQI,HONG,NA
XELCN,XEL,NA
NWCOAB,NWCO,NA
TCZIRA,TCZI,NA
CACJEP,CACJ,NA
ALALTD,ALAL,NA
ALNTF,ALN,NA
CARTRH,CART,NA
IAECN,IAE,NA
ENEXPR,ENEX,NA
PGN,P,NA
WARREN,WARR,NA
NCBKPA,NCBK,NA
CSGRPE,CSGR,NA
YRICN,YRI,NA
GRNLGR,GRNL,NA
VCKLEA,VCKL,NA
HELTOW,HELT,NA
INRSHM,INRS,NA
TUPY,TU,NA
KLAB,KL,NA
AMEPER,AMEP,NA
LHTTWR,LHTT,NA
CITPET,CITP,NA
HRAM,HR,NA
HARDWD,HARD,NA
DRAWBR,DRAW,NA
COVSUR,COVS,NA
INCMBZ,INCM,NA
SVNSVN,SVNS,NA
DSWATE,DSWA,NA
ARRUNI,ARRU,NA
INFACQ,INFA,NA
GNLQCI,GNLQ,NA
TSIACQ,TSIA,NA
BKST,BK,NA
SAIVST,SAIV,NA
TATAIN,TATA,NA
GCX,G,NA
ECOTRA,ECOT,NA
NCSGCR,NCSG,NA
PAPWRK,PAPW,NA
FITCPH,FITC,NA
SECGRP,SECG,NA
BWY,B,NA
CDWC,CD,NA
BRUNBO,BRUN,NA
AMZG,AM,NA
SUNOIL,SUNO,NA
FOURFN,FOUR,NA
AOL,A,NA
GOVPIT,GOVP,NA
AQUARN,AQUA,NA
YESUNI,YESU,NA
EFII,EFII,Electronics for Imaging, Inc.
DEPO,DEPO,Depomed, Inc.
CLVS,CLVS,Clovis Oncology, Inc.
CRC,CRC,California Resources Corporatio
AMBC,AMBC,Ambac Financial Group, Inc.
HURN,HURN,Huron Consulting Group Inc.
PTX,PTX,Pernix Therapeutics Holdings, I
FCFS,FCFS,First Cash, Inc. Common Stock
OGS,OGS,ONE Gas, Inc. Common Stock
GRA,GRA,W.R. Grace & Co. Common Stock
TWTR,TWTR,Twitter, Inc. Common Stock
WWAV,WWAV,Whitewave Foods Company (The) C
BRKL,BRKL,Brookline Bancorp, Inc.
DHT,DHT,DHT Holdings, Inc.
OMI,OMI,Owens & Minor, Inc. Common Stoc
BRO,BRO,Brown & Brown, Inc. Common Stoc
ROST,ROST,Ross Stores, Inc.
TIVO,TIVO,TiVo Corporation
PNNT,PNNT,PennantPark Investment Corporat
GME,GME,Gamestop Corporation Common Sto
ZBRA,ZBRA,Zebra Technologies Corporation
UBNK,UBNK,United Financial Bancorp, Inc. 
KTOS,KTOS,Kratos Defense & Security Solut
FANG,FANG,Diamondback Energy, Inc.
VMEM,VMEM,Violin Memory, Inc. Common Stoc
TIF,TIF,Tiffany & Co. Common Stock
RRMS,RRMS,Rose Rock Midstream, L.P. Commo
TSRO,TSRO,TESARO, Inc.
BNCN,BNCN,BNC Bancorp
LEU,LEU,Centrus Energy Corp. Class A Co
RHT,RHT,Red Hat, Inc. Common Stock
ARES,ARES,Ares Management L.P. Common Uni
PES,PES,Pioneer Energy Services Corp. C
KEYS,KEYS,Keysight Technologies Inc. Comm
ANAC,ANAC,Anacor Pharmaceuticals, Inc.
MWW,MWW,Monster Worldwide, Inc. Common 
SGGH,SGGH,SIGNATURE GROUP HOLD
IHS,IHS,IHS Inc. IHS Inc. Class A
SGYP,SGYP,Synergy Pharmaceuticals, Inc.
KLAC,KLAC,KLA-Tencor Corporation
EEFT,EEFT,Euronet Worldwide, Inc.
MSCI,MSCI,MSCI Inc Common Stock
MAIN,MAIN,Main Street Capital Corporation
HCHC,HCHC,HC2 Holdings, Inc. Common Stock
ASB,ASB,Associated Banc-Corp Common Sto
LNKD,LNKD,LinkedIn Corporation Class A Co
ABY,ABY,Atlantica Yield plc
LABL,LABL,Multi-Color Corporation
BABA,BABA,Alibaba Group Holding Limited A
OZM,OZM,Och-Ziff Capital Management Gro
FHN,FHN,First Horizon National Corporat
MOGA,MOGA,Moog Inc. Class A Common Stock
KLXI,KLXI,KLX Inc.
HII,HII,Huntington Ingalls Industries, 
LGIH,LGIH,LGI Homes, Inc.
OII,OII,Oceaneering International, Inc.
EDR,EDR,Education Realty Trust, Inc. Co
TRMB,TRMB,Trimble Inc.
LXRX,LXRX,Lexicon Pharmaceuticals, Inc.
WLB,WLB,Westmoreland Coal Company
QDEL,QDEL,Quidel Corporation
ANIP,ANIP,ANI Pharmaceuticals, Inc.
PRO,PRO,PROS Holdings, Inc. Common Stoc
ENV,ENV,Envestnet, Inc Common Stock
TLGT,TLGT,Teligent, Inc.
RICE,RICE,Rice Energy Inc. Common Stock
ABG,ABG,Asbury Automotive Group Inc Com
KND,KND,Kindred Healthcare, Inc. Common
NCS,NCS,NCI Building Systems, Inc. New 
NGL,NGL,NGL ENERGY PARTNERS LP Common U
ABDC,ABDC,Alcentra Capital Corp.
TERP,TERP,TerraForm Power, Inc.
PLAB,PLAB,Photronics, Inc.
PCN,PCN,Pimco Corporate & Income Strate
ITEK,ITEK,Inotek Pharmaceuticals Corporat
PAH,PAH,Platform Specialty Products Cor
SIR,SIR,Select Income REIT
XNPT,XNPT,XenoPort, Inc.
TCFC,TCFC,The Community Financial Corpora
MERC,MERC,Mercer International Inc.
IMMU,IMMU,Immunomedics, Inc.
DLTR,DLTR,Dollar Tree, Inc.
ENT,ENT,Global Eagle Entertainment Inc.
MPLX,MPLX,MPLX LP Common Units Representi
TPRE,TPRE,Third Point Reinsurance Ltd. Co
OCLR,OCLR,Oclaro, Inc.
PSXP,PSXP,Phillips 66 Partners LP Common 
JONE,JONE,Jones Energy, Inc. Class A Comm
COH,COH,Coach, Inc. Common Stock
AINV,AINV,Apollo Investment Corporation
ROVI,ROVI,Rovi Corporation
NATH,NATH,Nathan's Famous, Inc.
KCG,KCG,KCG Holdings, Inc. Class A Comm
GOGO,GOGO,Gogo Inc.
PPC,PPC,Pilgrim's Pride Corporation
INSESY,INSE,NA
HONHUA,HONH,NA
PAPROP,PAPR,NA
CLECLI,CLEC,NA
TEINEN,TEIN,NA
AMWOOD,AMWO,NA
WASAIR,WASA,NA
ACOSTA,ACOS,NA
JPRSRC,JPRS,NA
WFDAU,WFD,NA
GOLDST,GOLD,NA
YORKRI,YORK,NA
NBLSOV,NBLS,NA
MAERSK,MAER,NA
SVKING,SVKI,NA
GEELY,GEE,NA
BCULC,BCU,NA
ZARAPL,ZARA,NA
JACPRO,JACP,NA
TMBCN,TMB,NA
KIJAIJ,KIJA,NA
SIMFOO,SIMF,NA
DIIBCN,DIIB,NA
RHBCMK,RHBC,NA
UIRCIV,UIRC,NA
PLBIII,PLBI,NA
KIONET,KION,NA
LIVEPL,LIVE,NA
SMIZCH,SMIZ,NA
KORREI,KORR,NA
CONSEN,CONS,NA
ESPLAN,ESPL,NA
ECSERV,ECSE,NA
ALBLLC,ALBL,NA
WFTCN,WFT,NA
INRCON,INRC,NA
LUNCN,LUN,NA
CHPWCN,CHPW,NA
INVSTA,INVS,NA
CHITRA,CHIT,NA
MIARTS,MIAR,NA
CHIBAB,CHIB,NA
YUKONG,YUKO,NA
ESSARS,ESSA,NA
TSKBTI,TSKB,NA
NEPTNO,NEPT,NA
WINDAV,WIND,NA
GLYHO,GLY,NA
EVRZNA,EVRZ,NA
UNACEM,UNAC,NA
MOMENT,MOME,NA
SCGAU,SCG,NA
YASARH,YASA,NA
CANENR,CANE,NA
CHIHOS,CHIH,NA
JUPAIR,JUPA,NA
MTNSJ,MTN,NA
BLURAC,BLUR,NA
NEXTHK,NEXT,NA
GRSTAR,GRST,NA
BEIJII,BEIJ,NA
ELMTIA,ELMT,NA
URSARE,URSA,NA
PLUAIR,PLUA,NA
GRUMAB,GRUM,NA
ICLIT,ICL,NA
HUAYI,HUA,NA
ONEMFH,ONEM,NA
SECTOR,SECT,NA
BCBCN,BCB,NA
ABAYLE,ABAY,NA
TEXHOS,TEXH,NA
EDENRE,EDEN,NA
INVALS,INVA,NA
CARINC,CARI,NA
CBSOAM,CBSO,NA
OTCCN,OTC,NA
AVEFIN,AVEF,NA
CEMMZ,CEM,NA
ZIGGO,ZIG,NA
ARUINV,ARUI,NA
FXPOLN,FXPO,NA
SLMEXP,SLME,NA
QUEENH,QUEE,NA
CSDLAB,CSDL,NA
METART,META,NA
COLBYC,COLB,NA
DIALIN,DIAL,NA
CITHOL,CITH,NA
NYPRES,NYPR,NA
MEDHEA,MEDH,NA
PRESID,PRES,NA
SOLUIJ,SOLU,NA
JHXAU,JHX,NA
QDCCIZ,QDCC,NA
ATD,A,NA
TRIHEA,TRIH,NA
PETM,PE,NA
PERDRI,PERD,NA
NYPLIB,NYPL,NA
RVBD,RV,NA
MULLIQ,MULL,NA
MXAIRV,MXAI,NA
MSNBAY,MSNB,NA
LODHA,LOD,NA
LNG,LNG,Cheniere Energy, Inc. Common St
SCAI,SCAI,Surgical Care Affiliates, Inc.
RPAI,RPAI,Retail Properties of America, I
IDCC,IDCC,InterDigital, Inc.
CTO,CTO,Consolidated-Tomoka Land Co. Co
HZNP,HZNP,Horizon Pharma plc
QUAD,QUAD,Quad Graphics, Inc Class A Comm
DOOR,DOOR,Masonite International Corporat
CMPR,CMPR,Cimpress N.V
TSQ,TSQ,Townsquare Media, Inc. Class A 
GLP,GLP,Global Partners LP Global Partn
QTS,QTS,QTS Realty Trust, Inc. Class A 
SAAS,SAAS,inContact, Inc.
IILG,IILG,Interval Leisure Group, Inc.
SUN,SUN,Sunoco LP Common Units represen
SABR,SABR,Sabre Corporation
BANC,BANC,Banc of California, Inc. Common
EGLT,EGLT,Egalet Corporation
TRIB,TRIB,Trinity Biotech plc
ENVA,ENVA,Enova International, Inc. Commo
ENS,ENS,Enersys Common Stock
HTH,HTH,Hilltop Holdings Inc.
EXAM,EXAM,ExamWorks Group, Inc.
FISI,FISI,Financial Institutions, Inc.
CSAL,CSAL,Communications Sales & Leasing,
CIDM,CIDM,Cinedigm Corp
CC,CC,Chemours Company (The) Common S
AVHI,AVHI,A V Homes, Inc.
CONN,CONN,Conn's, Inc.
ECHO,ECHO,Echo Global Logistics, Inc.
LMIA,LMIA,LMI Aerospace, Inc.
PSIX,PSIX,Power Solutions International, 
AHS,AHS,AMN Healthcare Services Inc AMN
STAY,STAY,Extended Stay America, Inc. Com
CAMP,CAMP,CalAmp Corp.
MRD,MRD,Memorial Resource Development C
HAR,HAR,Harman International Industries
BIOS,BIOS,BioScrip, Inc.
SHLM,SHLM,A. Schulman, Inc.
CNO,CNO,CNO Financial Group, Inc. Commo
MPG,MPG,Metaldyne Performance Group Inc
ENR,ENR,Energizer Holdings, Inc. Common
QCOM,QCOM,QUALCOMM Incorporated
NPO,NPO,EnPro Industries Inc
GPI,GPI,Group 1 Automotive, Inc. Common
PLT,PLT,Plantronics, Inc. Common Stock
ININ,ININ,Interactive Intelligence Group,
CPGX,CPGX,Columbia Pipeline Group, Inc.
SAEX,SAEX,SAExploration Holdings, Inc.
TRK,TRK,Speedway Motorsports, Inc. Comm
TPH,TPH,TRI Pointe Group, Inc. Common S
CDK,CDK,CDK Global, Inc.
LION,LION,Fidelity Southern Corporation
FEYE,FEYE,FireEye, Inc.
INFA,INFA,Informatica Corporation
CEB,CEB,CEB Inc. Common Stock
CABO,CABO,Cable One, Inc. Common Stock
GWW,GWW,W.W. Grainger, Inc. Common Stoc
MIFI,MIFI,Novatel Wireless, Inc.
FBHS,FBHS,Fortune Brands Home & Security,
CKEC,CKEC,Carmike Cinemas, Inc.
AVID,AVID,AVID TECH INC
WNRL,WNRL,Western Refining Logistics, LP 
ECR,ECR,Eclipse Resources Corporation C
TRCO,TRCO,Tribune Media Company Class A C
BXLT,BXLT,Baxalta Incorporated
COBZ,COBZ,CoBiz Financial Inc.
SSNC,SSNC,SS&C Technologies Holdings, Inc
CORR,CORR,CorEnergy Infrastructure Trust,
IPXL,IPXL,Impax Laboratories, Inc.
WAL,WAL,Western Alliance Bancorporation
NRE,NRE,NorthStar Realty Europe Corp. C
HOFD,HOFD,HOMEFED CORP NEW
ERI,ERI,Eldorado Resorts, Inc.
HP,HP,Helmerich & Payne, Inc. Common 
GLBL,GLBL,TerraForm Global, Inc.
PEGI,PEGI,Pattern Energy Group Inc.
TAST,TAST,Carrols Restaurant Group, Inc.
PNFP,PNFP,Pinnacle Financial Partners, In
XTNT,XTNT,Xtant Medical Holdings, Inc. Co
SAVE,SAVE,Spirit Airlines, Inc.
HXL,HXL,Hexcel Corporation Common Stock
VSTO,VSTO,Vista Outdoor Inc. Common Stock
GNC,GNC,GNC Holdings, Inc. Class A Comm
PRTY,PRTY,Party City Holdco Inc. Common S
GFLENV,GFLE,NA
RSIHPI,RSIH,NA
ICBCIL,ICBC,NA
RLNCE,RLN,NA
FROCOM,FROC,NA
AMUNIV,AMUN,NA
SHEAHM,SHEA,NA
HPHTSP,HPHT,NA
MRKGR,MRK,NA
LBRTY,LBR,NA
MCLARN,MCLA,NA
THYAO,THY,NA
KHDRWY,KHDR,NA
MANARE,MANA,NA
BEICAP,BEIC,NA
KORHIC,KORH,NA
EGROFP,EGRO,NA
MOLX,MO,NA
FORCAY,FORC,NA
PELICN,PELI,NA
CXRCN,CXR,NA
ALTBLA,ALTB,NA
BSWHLD,BSWH,NA
AIMEGR,AIME,NA
HWKOSI,HWKO,NA
BANGAN,BANG,NA
TXHLTH,TXHL,NA
MERCYH,MERC,NA
CHERMK,CHER,NA
WAUNIV,WAUN,NA
SIXTAV,SIXT,NA
BCBSMN,BCBS,NA
ZFFNGR,ZFFN,NA
PLBIIJ,PLBI,NA
TRINSE,TRIN,NA
OPTOES,OPTO,NA
PDLLN,PDL,NA
TECPLS,TECP,NA
CBRYRE,CBRY,NA
RCOMIN,RCOM,NA
QUICKN,QUIC,NA
JBYCMX,JBYC,NA
DVREIN,DVRE,NA
KUNLEG,KUNL,NA
ACIAIR,ACIA,NA
QTRN,QT,NA
AHEREN,AHER,NA
CHINAM,CHIN,NA
TDBM,TD,NA
PRIMBP,PRIM,NA
HUAWEI,HUAW,NA
DYLSNG,DYLS,NA
AVAPLN,AVAP,NA
STENOR,STEN,NA
CNSTEL,CNST,NA
AMSMNH,AMSM,NA
CCB,C,NA
CPCHEM,CPCH,NA
SUNRCA,SUNR,NA
BXECN,BXE,NA
SNROAD,SNRO,NA
WSHAIR,WSHA,NA
LATAIR,LATA,NA
SECOUR,SECO,NA
CLCCN,CLC,NA
YELELP,YELE,NA
POUCN,POU,NA
SOBAHO,SOBA,NA
DEPUNI,DEPU,NA
LTM,L,NA
DEPTCC,DEPT,NA
BCOHOL,BCOH,NA
WWFUND,WWFU,NA
VSTJET,VSTJ,NA
YANTZE,YANT,NA
GLPSP,GLP,NA
GZHCIG,GZHC,NA
ALTFIC,ALTF,NA
ALTFIN,ALTF,NA
PKFOUN,PKFO,NA
COMHOS,COMH,NA
BCOMIP,BCOM,NA
ATACN,ATA,NA
LIMAMT,LIMA,NA
GRWALL,GRWA,NA
BACEL,BAC,NA
OSCFND,OSCF,NA
JKCLLC,JKCL,NA
SHPLN,SHP,NA
KFFORG,KFFO,NA
GSJK,GS,NA
UNIVAR,UNIV,NA
GOLITH,GOLI,NA
SMITHC,SMIT,NA
DAEAVI,DAEA,NA
PSHNA,PSH,NA
TIAUTO,TIAU,NA
UIRCGV,UIRC,NA
CGPHLC,CGPH,NA
LANDCS,LAND,NA
ACORNR,ACOR,NA
INDTOL,INDT,NA
EXIMUK,EXIM,NA
GHAPTS,GHAP,NA
CCBL,CC,NA
ADSEZ,ADS,NA
ARBANK,ARBA,NA
KEADGR,KEAD,NA
MINMET,MINM,NA
EURAMX,EURA,NA
ALIANT,ALIA,NA
ROCIIG,ROCI,NA
PPDI,PP,NA
SFCBA,SFC,NA
HALHEA,HALH,NA
PTCT,PTCT,PTC Therapeutics, Inc.
BWFG,BWFG,Bankwell Financial Group, Inc.
RSPP,RSPP,RSP Permian, Inc. Common Stock
FFBC,FFBC,First Financial Bancorp.
CBIO,CBIO,Catalyst Biosciences, Inc. 
NEWS,NEWS,NewStar Financial, Inc.
ADP,ADP,Automatic Data Processing, Inc.
DY,DY,Dycom Industries, Inc. Common S
CNSL,CNSL,Consolidated Communications Hol
BDGE,BDGE,Bridge Bancorp, Inc.
MTDR,MTDR,Matador Resources Company Commo
BECN,BECN,Beacon Roofing Supply, Inc.
GB,GB,Greatbatch, Inc.
WFBI,WFBI,WashingtonFirst Bankshares Inc
FNB,FNB,F.N.B. Corporation Common Stock
SMG,SMG,Scotts Miracle-Gro Company (The
FCBE,FCBE,FCB BANCORP INC (KY)
CAC,CAC,Camden National Corporation
NNBR,NNBR,NN, Inc.
WPG,WPG,Washington Prime Group Inc. Com
CAL,CAL,Caleres, Inc. Common Stock
MTCH,MTCH,Match Group, Inc.
IDTI,IDTI,Integrated Device Technology, I
CIFC,CIFC,CIFC LLC
PBFX,PBFX,PBF Logistics LP Common Units r
CENT,CENT,Central Garden & Pet Company
QRVO,QRVO,Qorvo, Inc.
TMH,TMH,Team Health Holdings, Inc. Team
RAX,RAX,Rackspace Hosting, Inc Common S
ACET,ACET,Aceto Corporation
BKU,BKU,BankUnited, Inc. Common Stock
HMN,HMN,Horace Mann Educators Corporati
LTXB,LTXB,LegacyTexas Financial Group, In
BRBS,BRBS,BLUE RIDGE BANKSHARE
WFM,WFM,Whole Foods Market, Inc.
MYCC,MYCC,ClubCorp Holdings, Inc. Common 
MD,MD,Mednax, Inc. Common Stock
IPHI,IPHI,Inphi Corporation Common Stock 
P,P,Pandora Media, Inc. Common Stoc
VSI,VSI,Vitamin Shoppe, Inc Common Stoc
YCB,YCB,Your Community Bankshares, Inc.
KRA,KRA,Kraton Corporation Common Stock
RGS,RGS,Regis Corporation Common Stock
HLIT,HLIT,Harmonic Inc.
V,V,Visa Inc.
MSCC,MSCC,Microsemi Corporation
NVAX,NVAX,Novavax, Inc.
EIGI,EIGI,Endurance International Group H
MTW,MTW,Manitowoc Company, Inc. (The) C
KMPH,KMPH,KemPharm, Inc.
MFS,MFS,Manitowoc Food Service, Inc. Co
HFC,HFC,HollyFrontier Corporation Commo
WDC,WDC,Western Digital Corporation
FSB,FSB,Franklin Financial Network, Inc
DBD,DBD,Diebold, Incorporated Common St
GTE,GTE,Gran Tierra Energy Inc. Common 
SPB,SPB,Spectrum Brands Holdings, Inc. 
TFM,TFM,The Fresh Market, Inc.
JD,JD,JD.com, Inc.
SBNY,SBNY,Signature Bank
GOOGL,GOOGL,Alphabet Inc.
KN,KN,Knowles Corporation Common Stoc
PTC,PTC,PTC Inc.
PFGC,PFGC,Performance Food Group Company 
NCOM,NCOM,National Commerce Corporation
RGEN,RGEN,Repligen Corporation
HMST,HMST,HomeStreet, Inc.
CNGO,CNGO,CENGAGE LEARNING
UAN,UAN,CVR Partners, LP Common Units r
FTV,FTV,Fortive Corporation Common Stoc
NVRO,NVRO,Nevro Corp. Common Stock
UA,UA,Under Armour, Inc. Class A Comm
PGC,PGC,Peapack-Gladstone Financial Cor
PFBC,PFBC,Preferred Bank
SSS,SSS,Sovran Self Storage, Inc.
BTSDF,BTSDF,BIOSTIME INTERNATION
IMGN,IMGN,ImmunoGen, Inc.
OZRK,OZRK,Bank of the Ozarks
PARR,PARR,Par Pacific Holdings, Inc.  Com
UAM,UAM,Universal American Corporation 
CY,CY,Cypress Semiconductor Corporati
OPB,OPB,Opus Bank
PCBK,PCBK,Pacific Continental Corporation
OMAM,OMAM,OM Asset Management plc Ordinar
EXP,EXP,Eagle Materials Inc Common Stoc
EGL,EGL,Engility Holdings, Inc. Common 
OLBK,OLBK,Old Line Bancshares, Inc.
CASH,CASH,Meta Financial Group, Inc.
DRII,DRII,Diamond Resorts International, 
RNST,RNST,Renasant Corporation
TEP,TEP,Tallgrass Energy Partners, LP C
SUMMAT,SUMM,NA
KIKCN,KIK,NA
BOSPHO,BOSP,NA
BUSDVP,BUSD,NA
VCMLSE,VCML,NA
ALLINA,ALLI,NA
DANBNK,DANB,NA
VISTAS,VIST,NA
DAEL,DA,NA
ROCORO,ROCO,NA
AUTOPA,AUTO,NA
TOLHOS,TOLH,NA
NPTFIN,NPTF,NA
PENNUN,PENN,NA
ROLLS,ROL,NA
TCELLT,TCEL,NA
DUKUNI,DUKU,NA
MYLIFE,MYLI,NA
ATHGLO,ATHG,NA
TOTSHP,TOTS,NA
ANBHER,ANBH,NA
SUMITG,SUMI,NA
TCLAU,TCL,NA
HNALLC,HNAL,NA
CBDUH,CBD,NA
NUVEEN,NUVE,NA
TERRAF,TERR,NA
GCA,G,NA
CJRAIL,CJRA,NA
HOUSVI,HOUS,NA
EHICAR,EHIC,NA
GRYOFF,GRYO,NA
BUFAPT,BUFA,NA
VITA,VI,NA
CREDVA,CRED,NA
HWHLMN,HWHL,NA
STSXTY,STSX,NA
UNYPWR,UNYP,NA
GCPAPP,GCPA,NA
PETC,PE,NA
GEPRIT,GEPR,NA
STDFST,STDF,NA
STHFRC,STHF,NA
HAIJAO,HAIJ,NA
VIZIEN,VIZI,NA
VERITS,VERI,NA
CESLLC,CESL,NA
SWIHOL,SWIH,NA
PACTRE,PACT,NA
RAILUA,RAIL,NA
AKIBRE,AKIB,NA
BSTMCC,BSTM,NA
AMTDGC,AMTD,NA
CCCSCH,CCCS,NA
MDZACN,MDZA,NA
NEXBAN,NEXB,NA
SURCEN,SURC,NA
AOZLTD,AOZL,NA
IFPFND,IFPF,NA
QUOHEA,QUOH,NA
GLPRLI,GLPR,NA
RBBBAN,RBBB,NA
MGMGPO,MGMG,NA
KROSEN,KROS,NA
JDEITZ,JDEI,NA
ORHLTH,ORHL,NA
STEBAN,STEB,NA
US_T,US,NA
ALUFP,ALU,NA
PRSESE,PRSE,NA
RGCARE,RGCA,NA
AMCAU,AMC,NA
NASNO,NAS,NA
CHCOCH,CHCO,NA
GATECH,GATE,NA
KALLPA,KALL,NA
SOLMNT,SOLM,NA
WESUNI,WESU,NA
HERCRE,HERC,NA
EMIMUS,EMIM,NA
MREDTH,MRED,NA
EMACN,EMA,NA
ECELUP,ECEL,NA
BLUHLO,BLUH,NA
PNSTTA,PNST,NA
DIRCHA,DIRC,NA
WJACN,WJA,NA
WRCSTR,WRCS,NA
HANYAN,HANY,NA
EMHLTH,EMHL,NA
COSTER,COST,NA
HTGLOB,HTGL,NA
CARCAP,CARC,NA
FLIQII,FLIQ,NA
SMBCAC,SMBC,NA
HOWUNI,HOWU,NA
EXTOIL,EXTO,NA
CLDCRN,CLDC,NA
BGEOLN,BGEO,NA
TENGIZ,TENG,NA
ALBAAR,ALBA,NA
SUNAPT,SUNA,NA
FOUBUI,FOUB,NA
ADGLHO,ADGL,NA
HILDOC,HILD,NA
SADDLE,SADD,NA
MEX,M,NA
BIGTEX,BIGT,NA
ALGSTU,ALGS,NA
WSFS,WSFS,WSFS Financial Corporation
UVSP,UVSP,Univest Corporation of Pennsylv
INFO,INFO,METRO ONE TELECOMM
GSBC,GSBC,Great Southern Bancorp, Inc.
ALSN,ALSN,Allison Transmission Holdings, 
SBSI,SBSI,Southside Bancshares, Inc.
CPE,CPE,Callon Petroleum Company Common
KRG,KRG,Kite Realty Group Trust Common 
NATLCO,NATL,NA
COEINC,COEI,NA
BALLA,BAL,NA
EDLOAN,EDLO,NA
RIVERM,RIVE,NA
DBOAK,DBO,NA
SLGCN,SLG,NA
OMGRID,OMGR,NA
PRHLTH,PRHL,NA
GRENKO,GREN,NA
BTFSLN,BTFS,NA
FVCBVA,FVCB,NA
FCSTRE,FCST,NA
ASCRAV,ASCR,NA
BENFAM,BENF,NA
EAGHSP,EAGH,NA
BNCE,BN,NA
MTRBNC,MTRB,NA
NGNFNL,NGNF,NA
ANTMID,ANTM,NA
ABLCTN,ABLC,NA
TCN,T,NA
CCLBCN,CCLB,NA
GRTWST,GRTW,NA
CAMFIN,CAMF,NA
DAIRY,DAI,NA
VEBBNK,VEBB,NA
BNG,B,NA
SEK,S,NA
COBKAC,COBK,NA
EXCRTU,EXCR,NA
MAGYAR,MAGY,NA
NRWBK,NRW,NA
PSJHOG,PSJH,NA
VERMAT,VERM,NA
NEHLTH,NEHL,NA
REDPRA,REDP,NA
MEXCAT,MEXC,NA
LSCCOM,LSCC,NA
DONFIN,DONF,NA
GAIF,GA,NA
LEHIGH,LEHI,NA
NAFIN,NAF,NA
INVTIV,INVT,NA
UGPABZ,UGPA,NA
QCPSNF,QCPS,NA
CORTNP,CORT,NA
GIANTS,GIAN,NA
PFPASS,PFPA,NA
ATHILN,ATHI,NA
UPLLIN,UPLL,NA
